{
"renderType": "IMAGE",
"output": "resultat.ppm",
"camera": {
    "lookFrom": [0.0, 0.0, 0.0],
    "lookAt": [0.0, 0.0, -1.0],
    "vup": [0, 1, 0],
    "vfov": 60.0,
    "aspectRatio": 1.0,
    "pixelsX": 300,
    "defocusBlur": {
        "enabled": false,
        "aperture": 0.0
    }
},
"globalLight": [ 0.1, 0.1, 0.1],
"lights" : [
{
 "type": "pointLight",
  "Ia": [0.1, 0.1, 0.1],
  "Id": [0.8, 0.8, 0.8],
  "Is": [1.0, 1.0, 1.0],
  "a": 0.0,
  "b": 0.0,
  "c": 1.0,
  "position": [-0.5, 1.5, -3]
  },
  {
   "type": "pointLight",
    "Ia": [0.1, 0.1, 0.1],
    "Id": [0.8, 0.8, 0.8],
    "Is": [1.0, 1.0, 1.0],
    "a": 0.0,
    "b": 0.0,
    "c": 1.0,
    "position": [0.5, 1.5, -3]
    }
 ],
 "background": true,
 "MAXDEPTH": 0,
 "shading": "BlinnPhong",
 "numSamples": 10,
 "colorTopBackground": [0,0,0],
 "colorDownBackground": [ 0,0,0]
}

