{
"scene": "Cornell Box",
"typeScene": "VIRTUAL",
"objects": [
{
"name": "Triangle 1 Back Wall",
"type": "triangle",
"p1": [-2.0, -2.0, -6.0],
"p2": [2.0, -2.0, -6.0],
"p3": [2.0, 2.0, -6.0],
"material": {
"type": "lambertian",
"ka": [0.2, 0.2, 0.2],
"kd": [0.5, 0.5, 0.5],
"ks": [1.0, 1.0, 1.0],
"shininess": 10.0,
"kt": [0.0, 0.0, 0.0],
"nut": 0.0
}
},
{
"name": "Triangle 2 Back Wall",
"type": "triangle",
"p1": [-2.0, -2.0, -6.0],
"p2": [2.0, 2.0, -6.0],
"p3": [-2.0, 2.0, -6.0],
"material": {
"type": "lambertian",
"ka": [0.2, 0.2, 0.2],
"kd": [0.5, 0.5, 0.5],
"ks": [1.0, 1.0, 1.0],
"shininess": 10.0,
"kt": [0.0, 0.0, 0.0],
"nut": 0.0
}
},
{
  "name": "Sphere",
  "type": "sphere",
  "center": [0.0, 0.0, -3.0],
  "radius": 0.5,
  "material": {
    "type": "lambertian",
    "ka": [0.2, 0.2, 0.2],
    "kd": [0.5, 0.5, 0.5],
    "ks": [1.0, 1.0, 1.0],
    "shininess": 10.0,
    "kt": [0.0, 0.0, 0.0],
    "nut": 0.0
    }
},
{
  "name": "Triangle 1 Floor",
  "type": "triangle",
  "p1": [-2.0, -2.0, 0.0],
  "p2": [2.0, -2.0, 0.0],
  "p3": [2.0, -2.0, -6.0],
  "material": {
    "type": "lambertian",
    "ka": [0.2, 0.2, 0.2],
    "kd": [0.5, 0.5, 0.5],
    "ks": [1.0, 1.0, 1.0],
    "shininess": 10.0,
    "kt": [0.0, 0.0, 0.0],
    "nut": 0.0
    }
},
{
  "name": "Triangle 2 Floor",
  "type": "triangle",
  "p1": [-2.0, -2.0, 0.0],
  "p2": [2.0, -2.0, -6.0],
  "p3": [-2.0, -2.0, -6.0],
  "material": {
    "type": "lambertian",
    "ka": [0.2, 0.2, 0.2],
    "kd": [0.5, 0.5, 0.5],
    "ks": [1.0, 1.0, 1.0],
    "shininess": 10.0,
    "kt": [0.0, 0.0, 0.0],
    "nut": 0.0
    }
},
{
  "name": "Triangle 1 Ceiling",
  "type": "triangle",
  "p1": [-2.0, 2.0, 0.0],
  "p2": [2.0, 2.0, -6.0],
  "p3": [2.0, 2.0, 0.0],
  "material": {
    "type": "lambertian",
    "ka": [0.2, 0.2, 0.2],
    "kd": [0.5, 0.5, 0.5],
    "ks": [1.0, 1.0, 1.0],
    "shininess": 10.0,
    "kt": [0.0, 0.0, 0.0],
    "nut": 0.0
    }
},
{
  "name": "Triangle 2 Ceiling",
  "type": "triangle",
  "p1": [-2.0, 2.0, -6.0],
  "p2": [2.0, 2.0, -6.0],
  "p3": [-2.0, 2.0, 0.0],
  "material": {
    "type": "lambertian",
    "ka": [0.2, 0.2, 0.2],
    "kd": [0.5, 0.5, 0.5],
    "ks": [1.0, 1.0, 1.0],
    "shininess": 10.0,
    "kt": [0.0, 0.0, 0.0],
    "nut": 0.0
    }
},
{
  "name": "Triangle 1 Left Wall",
  "type": "triangle",
  "p1": [-2.0, -2.0, 0.0],
  "p2": [-2.0, -2.0, -6.0],
  "p3": [-2.0, 2.0, -6.0],
  "material": {
    "type": "lambertian",
    "ka": [0.2, 0.2, 0.2],
    "kd": [0.5, 0.5, 0.5],
    "ks": [1.0, 1.0, 1.0],
    "shininess": 10.0,
    "kt": [0.0, 0.0, 0.0],
    "nut": 0.0
    }
},
{
  "name": "Triangle 2 Left Wall",
  "type": "triangle",
  "p1": [-2.0, -2.0, 0.0],
  "p2": [-2.0, 2.0, -6.0],
  "p3": [-2.0, 2.0, 0.0],
  "material": {
    "type": "lambertian",
    "ka": [0.2, 0.2, 0.2],
    "kd": [0.5, 0.5, 0.5],
    "ks": [1.0, 1.0, 1.0],
    "shininess": 10.0,
    "kt": [0.0, 0.0, 0.0],
    "nut": 0.0
    }
},
{
  "name": "Triangle 1 Right Wall",
  "type": "triangle",
  "p1": [2.0, -2.0, -6.0],
  "p2": [2.0, -2.0, -0.0],
  "p3": [2.0, 2.0, -6.0],
  "material": {
    "type": "lambertian",
    "ka": [0.2, 0.2, 0.2],
    "kd": [0.5, 0.5, 0.5],
    "ks": [1.0, 1.0, 1.0],
    "shininess": 10.0,
    "kt": [0.0, 0.0, 0.0],
    "nut": 0.0
    }
},
{
  "name": "Triangle 2 Right Wall",
  "type": "triangle",
  "p1": [2.0, -2.0, 0.0],
  "p2": [2.0, 2.0, 0.0],
  "p3": [2.0, 2.0, -6.0],
  "material": {
    "type": "lambertian",
    "ka": [0.2, 0.2, 0.2],
    "kd": [0.5, 0.5, 0.5],
    "ks": [1.0, 1.0, 1.0],
    "shininess": 10.0,
    "kt": [0.0, 0.0, 0.0],
    "nut": 0.0
    }
}
]
}
