{
"scene": "DadesBCN",
"typeScene": "REALDATA",
"base" : {
   "type": "FITTEDPLANE",
   "normal": [0.0, 1.0, 0.0],
   "point": [0.0, 0.5, 0.0],
   "pmin": [-5.0, -5.0],
   "pmax": [5.0, 5.0],
   "material": {
       "type": "MaterialTextura",
       "ka": [0.2, 0.2, 0.2],
       "kd": [0.7,0.6,0.5],
       "ks": [0.7, 0.7, 0.7],
       "shininess": 10.0,
       "textureFile": "://resources/mapBCN.png"
    }
},
"Real": {
  "minPoint": [2.0259, 41.3013],
  "maxPoint": [2.2955,  41.4903]
},
"Virtual": {
  "minPoint": [-5,  -1, -5],
  "maxPoint": [ 5,  2,  5.31]
},
"attributes": [
{
"name": "concerts",
"gyzmo": "box",
"minValue": 1900,
"maxValue": 1500000,
"colorMap": "COLOR_MAP_TYPE_PLASMA",
"material": {
    "type": "lambertian",
    "ka": [0.2, 0.2, 0.2],
    "kd": [0.7,0.6,0.5],
    "ks": [0.7, 0.7, 0.7],
    "shininess": 10.0
 },
"data": [
  [ 2.1, 41.31, 23],
  [ 2.2, 41.32, 24],
  [ 2.25, 41.35, 23.4],
  [ 2.07, 41.45, 25],
  [ 2.15, 41.4, 24],
  [ 2.20, 41.35, 31],
  [ 2.29, 41.37, 25],
  [ 2.08, 41.43, 26],
  [ 2.17, 41.42, 27],
  [ 2.12, 41.47, 30]
 ]
}
]
}
