{
"scene": "dadesMurcia",
"typeScene": "REALDATA",
"base" : {
   "type": "FITTEDPLANE",
   "normal": [0.0, 1.0, 0.0],
   "point": [0.0, -1.0, 0.0],
   "pmin": [-5.0, -5.0],
   "pmax": [5.0, 5.0],
   "material": {
   "type": "MATERIALTEXTURA",
   "ka": [0.1, 0.1, 0.1],
   "kd": [0.7,0.4,0.4],
   "ks": [1.0, 1.0, 1.0],
   "shininess": 500.0,
   "textureFile": "://resources/mapMurcia.png"
    }
},
"Real": {
  "minPoint": [-1.2427, 37.9274],
  "maxPoint": [-0.9829, 38.0500]
},
"Virtual": {
  "minPoint": [-5,  0, -5],
  "maxPoint": [ 5,  5,  5]
},"attributes": [
{
"name": "assistenciaConcerts",
"gyzmo": "sphere",
"minValue": 3000,
"maxValue": 382703,
"colorMap": "COLOR_MAP_TYPE_PLASMA",
"material": {
    "type": "METAL",
    "ka": [0.2, 0.2, 0.2],
    "kd": [0.7,0.6,0.5],
    "ks": [0.7, 0.7, 0.7],
    "shininess": 10.0
 },
"data": [
    [-1.1894, 37.9442, 5000],
    [-1.0518, 38.0327, 12000],
    [-1.1726, 37.9655, 35000],
    [-1.2170, 37.9411, 10000],
    [-1.0365, 37.9846, 7500],
    [-1.2214, 38.0074, 6200],
    [-1.1456, 37.9312, 1800],
    [-1.1967, 38.0290, 24500],
    [-1.0985, 37.9878, 16700],
    [-1.0843, 38.0197, 3000],
    [-1.0137, 38.0012, 9500],
    [-1.2252, 37.9693, 14700],
    [-1.1709, 38.0407, 23000],
    [-1.0552, 37.9478, 5300],
    [-1.1276, 38.0149, 85000],
    [-1.2421, 37.9738, 17500],
    [-1.0427, 37.9284, 7200],
    [-1.0998, 38.0496, 19300],
    [-1.1774, 37.9581, 10200],
    [-1.2383, 38.0259, 6600]
 ]
 },{
"name": "assistenciaConcerts",
"gyzmo": "sphere",
"minValue": 3000,
"maxValue": 382703,
"colorMap": "COLOR_MAP_TYPE_PLASMA",
"material": {
    "type": "METAL",
    "ka": [0.2, 0.2, 0.2],
    "kd": [0.7,0.6,0.5],
    "ks": [0.7, 0.7, 0.7],
    "shininess": 10.0
 },
"data": [
    [-1.1894, 37.9442, 5000],
    [-1.0518, 38.0327, 12000],
    [-1.1726, 37.9655, 35000],
    [-1.2170, 37.9411, 10000],
    [-1.0365, 37.9846, 7500],
    [-1.2214, 38.0074, 6200],
    [-1.1456, 37.9312, 1800],
    [-1.1967, 38.0290, 24500],
    [-1.0985, 37.9878, 16700],
    [-1.0843, 38.0197, 3000],
    [-1.0137, 38.0012, 9500],
    [-1.2252, 37.9693, 14700],
    [-1.1709, 38.0407, 23000],
    [-1.0552, 37.9478, 5300],
    [-1.1276, 38.0149, 85000],
    [-1.2421, 37.9738, 17500],
    [-1.0427, 37.9284, 7200],
    [-1.0998, 38.0496, 19300],
    [-1.1774, 37.9581, 10200],
    [-1.2383, 38.0259, 6600]
 ]
 }
 ]
}
