{
"scene": "dadesBCNOneValue",
"typeScene": "REALDATA",
"base" : {
   "type": "FITTEDPLANE",
   "normal": [0.0, 1.0, 0.0],
   "point": [0.0, -1.0, 0.0],
   "pmin": [-5.0, -5.0],
   "pmax": [5.0, 5.0],
   "material": {
   "type": "MATERIALTEXTURA",
   "ka": [0.1, 0.1, 0.1],
   "kd": [0.7,0.4,0.4],
   "ks": [0.7, 0.7, 0.7],
   "shininess": 50.0,
   "textureFile": "://resources/mapZoom.png"
    }
},
"Real": {
"minPoint": [2.16118, 41.40400],
"maxPoint": [2.16556,  41.40686]
},
"Virtual": {
  "minPoint": [-5,  0, -5],
  "maxPoint": [ 5,  2,  5.31]
},"attributes": [
{
"name": "AssistenciaConcerts",
"gyzmo": "sphere",
"minValue": 1800,
"maxValue": 382703,
"colorMap": "COLOR_MAP_TYPE_PLASMA",
"material": {
    "type": "METAL",
    "ka": [0.2, 0.2, 0.2],
    "kd": [0.7,0.6,0.5],
    "ks": [0.7, 0.7, 0.7],
     "shininess": 10.0
 },
"data": [
 [2.1621234, 41.4056165,  6100]
 ]
 }
 ]
}
