{
"scene": "Data0",
"typeScene": "REALDATA",
"base" : {
   "type": "FITTEDPLANE",
   "normal": [0.0, 1.0, 0.0],
   "point": [0.0, -1.0, 0.0],
   "pmin": [-5.0, -5.0],
   "pmax": [5.0, 5.0],
   "material": {
       "type": "LAMBERTIAN",
       "ka": [0.1, 0.1, 0.1],
       "kd": [0.7,0.4,0.4],
       "ks": [0.0, 0.0, 0.0],
       "shininess": 0.0
    }
},
"Real": {
  "minPoint": [-5, -5],
  "maxPoint": [5, 5]
},
"Virtual": {
  "minPoint": [-5,  -1.0, -5],
  "maxPoint": [ 5,  2.0,  5]
},
"attributes": [
{
"name": "temperatura",
"gyzmo": "sphere",
"minValue": 0,
"center": [0.0, 0.0, 0.0],
"maxValue": 2,
"colorMap": "COLOR_MAP_TYPE_INFERNO",
"material": {
    "type": "lambertian",
    "ka": [0.2, 0.2, 0.2],
    "kd": [0.7,0.6,0.5],
    "ks": [0.7, 0.7, 0.7],
    "shininess": 10.0
 },
"data": [
 [ -2, -1, 0.5]
]}]}
