{
"camera": {
    "lookFrom": [-2.0, 2.0, 3.0],
    "lookAt": [0, 0, 0],
    "vup": [0, 1, 0],
    "vfov": 45.00,
    "aspectRatio": 2.0,
    "pixelsX": 600
},
"globalLight": [ 0.7, 0.7, 0.7],
"lights" : [
{
 "type": "pointLight",
  "Ia": [0.3, 0.3, 0.3],
  "Id": [0.7, 0.7, 0.7],
  "Is": [1.0, 1.0, 1.0],
  "a": 0.0,
  "b": 0.0,
  "c": 0.5,
  "position": [0, -50, 0]
  }
 ],
 "background": true,
 "MAXDEPTH": 1,
 "colorTopBackground": [0.5, 0.7, 1],
 "colorDownBackground": [ 1, 1, 1]
 "shading": "Color"
 }

