{
"camera": {
    "lookFrom": [13.0, 2.0, 10.0],
    "lookAt": [0, 0, -1],
    "vup": [0, 1, 0],
    "vfov": 20.00,
    "aspectRatio": 2.0,
    "pixelsX": 600
},
"globalLight": [ 0.1, 0.1, 0.1],
"lights" : [
{
 "type": "pointLight",
  "Ia": [0.2, 0.2, 0.],
  "Id": [0.7, 0.7, 0.7],
  "Is": [1.0, 1.0, 1.0],
  "a": 0.5,
  "b": 0.0,
  "c": 0.01,
  "position": [2, 8, 10]
  }
 ],
 "background": true,
 "MAXDEPTH": 1,
 "colorTopBackground": [0.5, 0.7, 1],
 "colorDownBackground": [ 1, 1, 1],
 "shading": "BlinnPhong",
 "shadows" : true,
 "reflections" : true,
 "refractions" : true,
 "textures" : false,
 "numSamples" : 10
 }

