{
  "scene": "Triangles",
  "typeScene": "VIRTUAL",
  "objects": [
    {
      "name": "un triangle",
      "type": "TRIANGLE",
      "p1": [
        0.0,
        0,
        0,
        0.0
      ],
      "p2": [
        1.0,
        0.0,
        0.0
      ],
      "p3": [
        0.5,
        1.0,
        0.0
      ],
      "material": {
        "type": "lambertian",
        "ka": [
          0.2,
          0.2,
          0.2
        ],
        "kd": [
          0.5,
          0.5,
          0.5
        ],
        "ks": [
          1.0,
          1.0,
          1.0
        ],
        "shininess": 10.0,
        "kt": [
          0.0,
          0.0,
          0.0
        ],
        "nut": 0.0
      }
    }
  ]
}