<?xml version="1.0" encoding="ISO-8859-1" ?>
<link_info>
   <banner>TI ARM Linker Unix v20.2.5.LTS</banner>
   <copyright>Copyright (c) 1996-2018 Texas Instruments Incorporated</copyright>
   <link_time>0x62415b61</link_time>
   <link_errors>0x0</link_errors>
   <output_file>P3_PAE.out</output_file>
   <entry_point>
      <name>_c_int00_noargs</name>
      <address>0xafd</address>
   </entry_point>
   <input_file_list>
      <input_file id="fl-1">
         <path>./</path>
         <kind>object</kind>
         <file>main.obj</file>
         <name>main.obj</name>
      </input_file>
      <input_file id="fl-2">
         <path>./</path>
         <kind>object</kind>
         <file>startup_msp432p401r_ccs.obj</file>
         <name>startup_msp432p401r_ccs.obj</name>
      </input_file>
      <input_file id="fl-3">
         <path>./</path>
         <kind>object</kind>
         <file>system_msp432p401r.obj</file>
         <name>system_msp432p401r.obj</name>
      </input_file>
      <input_file id="fl-8">
         <kind>object</kind>
         <file>&lt;internal&gt;</file>
         <name>&lt;internal&gt;</name>
      </input_file>
      <input_file id="fl-9">
         <path>../</path>
         <kind>archive</kind>
         <file>lib_PAE.lib</file>
         <name>Inicializacion.obj</name>
      </input_file>
      <input_file id="fl-bf">
         <path>/Applications/ti/ccs1040/ccs/tools/compiler/ti-cgt-arm_20.2.5.LTS/lib/</path>
         <kind>archive</kind>
         <file>rtsv7M4_T_le_v4SPD16_eabi.lib</file>
         <name>copy_zero_init.c.obj</name>
      </input_file>
      <input_file id="fl-c0">
         <path>/Applications/ti/ccs1040/ccs/tools/compiler/ti-cgt-arm_20.2.5.LTS/lib/</path>
         <kind>archive</kind>
         <file>rtsv7M4_T_le_v4SPD16_eabi.lib</file>
         <name>copy_decompress_none.c.obj</name>
      </input_file>
      <input_file id="fl-c1">
         <path>/Applications/ti/ccs1040/ccs/tools/compiler/ti-cgt-arm_20.2.5.LTS/lib/</path>
         <kind>archive</kind>
         <file>rtsv7M4_T_le_v4SPD16_eabi.lib</file>
         <name>copy_decompress_lzss.c.obj</name>
      </input_file>
      <input_file id="fl-c2">
         <path>/Applications/ti/ccs1040/ccs/tools/compiler/ti-cgt-arm_20.2.5.LTS/lib/</path>
         <kind>archive</kind>
         <file>rtsv7M4_T_le_v4SPD16_eabi.lib</file>
         <name>boot_cortex_m.c.obj</name>
      </input_file>
      <input_file id="fl-c3">
         <path>/Applications/ti/ccs1040/ccs/tools/compiler/ti-cgt-arm_20.2.5.LTS/lib/</path>
         <kind>archive</kind>
         <file>rtsv7M4_T_le_v4SPD16_eabi.lib</file>
         <name>memcpy_t2.asm.obj</name>
      </input_file>
      <input_file id="fl-c4">
         <path>/Applications/ti/ccs1040/ccs/tools/compiler/ti-cgt-arm_20.2.5.LTS/lib/</path>
         <kind>archive</kind>
         <file>rtsv7M4_T_le_v4SPD16_eabi.lib</file>
         <name>memset_t2.asm.obj</name>
      </input_file>
      <input_file id="fl-c5">
         <path>/Applications/ti/ccs1040/ccs/tools/compiler/ti-cgt-arm_20.2.5.LTS/lib/</path>
         <kind>archive</kind>
         <file>rtsv7M4_T_le_v4SPD16_eabi.lib</file>
         <name>autoinit.c.obj</name>
      </input_file>
      <input_file id="fl-c6">
         <path>/Applications/ti/ccs1040/ccs/tools/compiler/ti-cgt-arm_20.2.5.LTS/lib/</path>
         <kind>archive</kind>
         <file>rtsv7M4_T_le_v4SPD16_eabi.lib</file>
         <name>pre_init.c.obj</name>
      </input_file>
      <input_file id="fl-c7">
         <path>/Applications/ti/ccs1040/ccs/tools/compiler/ti-cgt-arm_20.2.5.LTS/lib/</path>
         <kind>archive</kind>
         <file>rtsv7M4_T_le_v4SPD16_eabi.lib</file>
         <name>cpy_tbl.c.obj</name>
      </input_file>
      <input_file id="fl-c8">
         <path>/Applications/ti/ccs1040/ccs/tools/compiler/ti-cgt-arm_20.2.5.LTS/lib/</path>
         <kind>archive</kind>
         <file>rtsv7M4_T_le_v4SPD16_eabi.lib</file>
         <name>exit.c.obj</name>
      </input_file>
      <input_file id="fl-c9">
         <path>/Applications/ti/ccs1040/ccs/tools/compiler/ti-cgt-arm_20.2.5.LTS/lib/</path>
         <kind>archive</kind>
         <file>rtsv7M4_T_le_v4SPD16_eabi.lib</file>
         <name>_lock.c.obj</name>
      </input_file>
      <input_file id="fl-ca">
         <path>/Applications/ti/ccs1040/ccs/tools/compiler/ti-cgt-arm_20.2.5.LTS/lib/</path>
         <kind>archive</kind>
         <file>rtsv7M4_T_le_v4SPD16_eabi.lib</file>
         <name>args_main.c.obj</name>
      </input_file>
   </input_file_list>
   <object_component_list>
      <object_component id="oc-26">
         <name>.intvecs:retain</name>
         <load_address>0x0</load_address>
         <run_address>0x0</run_address>
         <size>0xe4</size>
         <input_file_ref idref="fl-2"/>
      </object_component>
      <object_component id="oc-6d">
         <name>.text</name>
         <load_address>0xe4</load_address>
         <run_address>0xe4</run_address>
         <size>0x524</size>
         <input_file_ref idref="fl-1"/>
      </object_component>
      <object_component id="oc-a5">
         <name>.text</name>
         <load_address>0x608</load_address>
         <run_address>0x608</run_address>
         <size>0x334</size>
         <input_file_ref idref="fl-3"/>
      </object_component>
      <object_component id="oc-37">
         <name>.text</name>
         <load_address>0x93c</load_address>
         <run_address>0x93c</run_address>
         <size>0x9c</size>
         <input_file_ref idref="fl-c3"/>
      </object_component>
      <object_component id="oc-ac">
         <name>.text</name>
         <load_address>0x9d8</load_address>
         <run_address>0x9d8</run_address>
         <size>0x78</size>
         <input_file_ref idref="fl-9"/>
      </object_component>
      <object_component id="oc-17">
         <name>.text:decompress:lzss:__TI_decompress_lzss</name>
         <load_address>0xa50</load_address>
         <run_address>0xa50</run_address>
         <size>0x68</size>
         <input_file_ref idref="fl-c1"/>
      </object_component>
      <object_component id="oc-e6">
         <name>.text:__TI_auto_init_nobinit_nopinit:__TI_auto_init_nobinit_nopinit</name>
         <load_address>0xab8</load_address>
         <run_address>0xab8</run_address>
         <size>0x44</size>
         <input_file_ref idref="fl-c5"/>
      </object_component>
      <object_component id="oc-55">
         <name>.text:_c_int00_noargs:_c_int00_noargs</name>
         <load_address>0xafc</load_address>
         <run_address>0xafc</run_address>
         <size>0x34</size>
         <input_file_ref idref="fl-c2"/>
      </object_component>
      <object_component id="oc-1d">
         <name>.text:decompress:none:__TI_decompress_none</name>
         <load_address>0xb30</load_address>
         <run_address>0xb30</run_address>
         <size>0xe</size>
         <input_file_ref idref="fl-c0"/>
      </object_component>
      <object_component id="oc-67">
         <name>.text</name>
         <load_address>0xb3e</load_address>
         <run_address>0xb3e</run_address>
         <size>0xe</size>
         <input_file_ref idref="fl-2"/>
      </object_component>
      <object_component id="oc-93">
         <name>.text:_system_pre_init</name>
         <load_address>0xb4c</load_address>
         <run_address>0xb4c</run_address>
         <size>0x4</size>
         <input_file_ref idref="fl-c6"/>
      </object_component>
      <object_component id="oc-da">
         <name>.text:abort:abort</name>
         <load_address>0xb50</load_address>
         <run_address>0xb50</run_address>
         <size>0x4</size>
         <input_file_ref idref="fl-c8"/>
      </object_component>
      <object_component id="oc-1bb">
         <name>.cinit..data.load</name>
         <load_address>0xb58</load_address>
         <run_address>0xb58</run_address>
         <size>0x20</size>
      </object_component>
      <object_component id="oc-1b9">
         <name>__TI_handler_table</name>
         <load_address>0xb78</load_address>
         <run_address>0xb78</run_address>
         <size>0x8</size>
      </object_component>
      <object_component id="oc-1ba">
         <name>__TI_cinit_table</name>
         <load_address>0xb80</load_address>
         <run_address>0xb80</run_address>
         <size>0x8</size>
      </object_component>
      <object_component id="oc-18d">
         <name>.binit</name>
         <load_address>0x0</load_address>
         <run_address>0x0</run_address>
         <size>0x0</size>
      </object_component>
      <object_component id="oc-b5">
         <name>.data:color_sequence</name>
         <load_address>0x20000000</load_address>
         <run_address>0x20000000</run_address>
         <size>0x14</size>
         <input_file_ref idref="fl-1"/>
      </object_component>
      <object_component id="oc-b2">
         <name>.data</name>
         <load_address>0x20000014</load_address>
         <run_address>0x20000014</run_address>
         <size>0x5</size>
         <input_file_ref idref="fl-1"/>
      </object_component>
      <object_component id="oc-118">
         <name>.data</name>
         <load_address>0x2000001c</load_address>
         <run_address>0x2000001c</run_address>
         <size>0x4</size>
         <input_file_ref idref="fl-3"/>
      </object_component>
      <object_component id="oc-29">
         <name>.stack</name>
         <uninitialized>true</uninitialized>
         <run_address>0x2000fe00</run_address>
         <size>0x4</size>
         <input_file_ref idref="fl-c2"/>
      </object_component>
      <object_component id="oc-1bd">
         <name>.stack</name>
         <uninitialized>true</uninitialized>
         <run_address>0x2000fe00</run_address>
         <size>0x0</size>
      </object_component>
      <object_component id="oc-11f">
         <name>.debug_info</name>
         <load_address>0x0</load_address>
         <run_address>0x0</run_address>
         <size>0x574</size>
         <input_file_ref idref="fl-1"/>
      </object_component>
      <object_component id="oc-b6">
         <name>.debug_info</name>
         <load_address>0x574</load_address>
         <run_address>0x574</run_address>
         <size>0xd6</size>
         <input_file_ref idref="fl-1"/>
      </object_component>
      <object_component id="oc-b3">
         <name>.debug_info</name>
         <load_address>0x64a</load_address>
         <run_address>0x64a</run_address>
         <size>0x124</size>
         <input_file_ref idref="fl-1"/>
      </object_component>
      <object_component id="oc-6e">
         <name>.debug_info</name>
         <load_address>0x76e</load_address>
         <run_address>0x76e</run_address>
         <size>0x4f8</size>
         <input_file_ref idref="fl-1"/>
      </object_component>
      <object_component id="oc-be">
         <name>.debug_info</name>
         <load_address>0xc66</load_address>
         <run_address>0xc66</run_address>
         <size>0x86</size>
         <input_file_ref idref="fl-1"/>
      </object_component>
      <object_component id="oc-155">
         <name>.debug_info</name>
         <load_address>0xcec</load_address>
         <run_address>0xcec</run_address>
         <size>0x1055</size>
         <input_file_ref idref="fl-1"/>
      </object_component>
      <object_component id="oc-150">
         <name>.debug_info</name>
         <load_address>0x1d41</load_address>
         <run_address>0x1d41</run_address>
         <size>0x37e2</size>
         <input_file_ref idref="fl-1"/>
      </object_component>
      <object_component id="oc-c5">
         <name>.debug_info</name>
         <load_address>0x5523</load_address>
         <run_address>0x5523</run_address>
         <size>0x26b</size>
         <input_file_ref idref="fl-1"/>
      </object_component>
      <object_component id="oc-127">
         <name>.debug_info</name>
         <load_address>0x578e</load_address>
         <run_address>0x578e</run_address>
         <size>0x8b</size>
         <input_file_ref idref="fl-1"/>
      </object_component>
      <object_component id="oc-122">
         <name>.debug_info</name>
         <load_address>0x5819</load_address>
         <run_address>0x5819</run_address>
         <size>0x2a4</size>
         <input_file_ref idref="fl-1"/>
      </object_component>
      <object_component id="oc-b9">
         <name>.debug_info</name>
         <load_address>0x5abd</load_address>
         <run_address>0x5abd</run_address>
         <size>0xbb</size>
         <input_file_ref idref="fl-1"/>
      </object_component>
      <object_component id="oc-75">
         <name>.debug_info</name>
         <load_address>0x5b78</load_address>
         <run_address>0x5b78</run_address>
         <size>0x2c1</size>
         <input_file_ref idref="fl-2"/>
      </object_component>
      <object_component id="oc-27">
         <name>.debug_info</name>
         <load_address>0x5e39</load_address>
         <run_address>0x5e39</run_address>
         <size>0xed</size>
         <input_file_ref idref="fl-2"/>
      </object_component>
      <object_component id="oc-68">
         <name>.debug_info</name>
         <load_address>0x5f26</load_address>
         <run_address>0x5f26</run_address>
         <size>0x1b4</size>
         <input_file_ref idref="fl-2"/>
      </object_component>
      <object_component id="oc-32">
         <name>.debug_info</name>
         <load_address>0x60da</load_address>
         <run_address>0x60da</run_address>
         <size>0x84</size>
         <input_file_ref idref="fl-2"/>
      </object_component>
      <object_component id="oc-119">
         <name>.debug_info</name>
         <load_address>0x615e</load_address>
         <run_address>0x615e</run_address>
         <size>0xe6</size>
         <input_file_ref idref="fl-3"/>
      </object_component>
      <object_component id="oc-a6">
         <name>.debug_info</name>
         <load_address>0x6244</load_address>
         <run_address>0x6244</run_address>
         <size>0x258</size>
         <input_file_ref idref="fl-3"/>
      </object_component>
      <object_component id="oc-ae">
         <name>.debug_info</name>
         <load_address>0x649c</load_address>
         <run_address>0x649c</run_address>
         <size>0x181</size>
         <input_file_ref idref="fl-9"/>
      </object_component>
      <object_component id="oc-42">
         <name>.debug_info</name>
         <load_address>0x661d</load_address>
         <run_address>0x661d</run_address>
         <size>0x2a8</size>
         <input_file_ref idref="fl-c0"/>
      </object_component>
      <object_component id="oc-1e">
         <name>.debug_info</name>
         <load_address>0x68c5</load_address>
         <run_address>0x68c5</run_address>
         <size>0x1ea</size>
         <input_file_ref idref="fl-c0"/>
      </object_component>
      <object_component id="oc-3d">
         <name>.debug_info</name>
         <load_address>0x6aaf</load_address>
         <run_address>0x6aaf</run_address>
         <size>0x46</size>
         <input_file_ref idref="fl-c0"/>
      </object_component>
      <object_component id="oc-7f">
         <name>.debug_info</name>
         <load_address>0x6af5</load_address>
         <run_address>0x6af5</run_address>
         <size>0x2c</size>
         <input_file_ref idref="fl-c0"/>
      </object_component>
      <object_component id="oc-7d">
         <name>.debug_info</name>
         <load_address>0x6b21</load_address>
         <run_address>0x6b21</run_address>
         <size>0x29e</size>
         <input_file_ref idref="fl-c1"/>
      </object_component>
      <object_component id="oc-18">
         <name>.debug_info</name>
         <load_address>0x6dbf</load_address>
         <run_address>0x6dbf</run_address>
         <size>0x250</size>
         <input_file_ref idref="fl-c1"/>
      </object_component>
      <object_component id="oc-2d">
         <name>.debug_info</name>
         <load_address>0x700f</load_address>
         <run_address>0x700f</run_address>
         <size>0x60</size>
         <input_file_ref idref="fl-c1"/>
      </object_component>
      <object_component id="oc-ca">
         <name>.debug_info</name>
         <load_address>0x706f</load_address>
         <run_address>0x706f</run_address>
         <size>0x46</size>
         <input_file_ref idref="fl-c1"/>
      </object_component>
      <object_component id="oc-78">
         <name>.debug_info</name>
         <load_address>0x70b5</load_address>
         <run_address>0x70b5</run_address>
         <size>0x39</size>
         <input_file_ref idref="fl-c1"/>
      </object_component>
      <object_component id="oc-2a">
         <name>.debug_info</name>
         <load_address>0x70ee</load_address>
         <run_address>0x70ee</run_address>
         <size>0x10b</size>
         <input_file_ref idref="fl-c2"/>
      </object_component>
      <object_component id="oc-56">
         <name>.debug_info</name>
         <load_address>0x71f9</load_address>
         <run_address>0x71f9</run_address>
         <size>0x1a9</size>
         <input_file_ref idref="fl-c2"/>
      </object_component>
      <object_component id="oc-38">
         <name>.debug_info</name>
         <load_address>0x73a2</load_address>
         <run_address>0x73a2</run_address>
         <size>0x119</size>
         <input_file_ref idref="fl-c3"/>
      </object_component>
      <object_component id="oc-137">
         <name>.debug_info</name>
         <load_address>0x74bb</load_address>
         <run_address>0x74bb</run_address>
         <size>0x4b3</size>
         <input_file_ref idref="fl-c5"/>
      </object_component>
      <object_component id="oc-e7">
         <name>.debug_info</name>
         <load_address>0x796e</load_address>
         <run_address>0x796e</run_address>
         <size>0x1a6</size>
         <input_file_ref idref="fl-c5"/>
      </object_component>
      <object_component id="oc-16a">
         <name>.debug_info</name>
         <load_address>0x7b14</load_address>
         <run_address>0x7b14</run_address>
         <size>0x39</size>
         <input_file_ref idref="fl-c5"/>
      </object_component>
      <object_component id="oc-17e">
         <name>.debug_info</name>
         <load_address>0x7b4d</load_address>
         <run_address>0x7b4d</run_address>
         <size>0x39</size>
         <input_file_ref idref="fl-c5"/>
      </object_component>
      <object_component id="oc-16f">
         <name>.debug_info</name>
         <load_address>0x7b86</load_address>
         <run_address>0x7b86</run_address>
         <size>0x39</size>
         <input_file_ref idref="fl-c5"/>
      </object_component>
      <object_component id="oc-174">
         <name>.debug_info</name>
         <load_address>0x7bbf</load_address>
         <run_address>0x7bbf</run_address>
         <size>0xcd</size>
         <input_file_ref idref="fl-c5"/>
      </object_component>
      <object_component id="oc-94">
         <name>.debug_info</name>
         <load_address>0x7c8c</load_address>
         <run_address>0x7c8c</run_address>
         <size>0x153</size>
         <input_file_ref idref="fl-c6"/>
      </object_component>
      <object_component id="oc-dd">
         <name>.debug_info</name>
         <load_address>0x7ddf</load_address>
         <run_address>0x7ddf</run_address>
         <size>0x122</size>
         <input_file_ref idref="fl-c8"/>
      </object_component>
      <object_component id="oc-1be">
         <name>.debug_info</name>
         <load_address>0x7f01</load_address>
         <run_address>0x7f01</run_address>
         <size>0x99</size>
      </object_component>
      <object_component id="oc-14f">
         <name>.debug_line</name>
         <load_address>0x0</load_address>
         <run_address>0x0</run_address>
         <size>0x30</size>
         <input_file_ref idref="fl-1"/>
      </object_component>
      <object_component id="oc-121">
         <name>.debug_line</name>
         <load_address>0x30</load_address>
         <run_address>0x30</run_address>
         <size>0x2d</size>
         <input_file_ref idref="fl-1"/>
      </object_component>
      <object_component id="oc-11e">
         <name>.debug_line</name>
         <load_address>0x5d</load_address>
         <run_address>0x5d</run_address>
         <size>0x2d</size>
         <input_file_ref idref="fl-1"/>
      </object_component>
      <object_component id="oc-71">
         <name>.debug_line</name>
         <load_address>0x8a</load_address>
         <run_address>0x8a</run_address>
         <size>0x1f4</size>
         <input_file_ref idref="fl-1"/>
      </object_component>
      <object_component id="oc-c1">
         <name>.debug_line</name>
         <load_address>0x27e</load_address>
         <run_address>0x27e</run_address>
         <size>0x2d</size>
         <input_file_ref idref="fl-1"/>
      </object_component>
      <object_component id="oc-158">
         <name>.debug_line</name>
         <load_address>0x2ab</load_address>
         <run_address>0x2ab</run_address>
         <size>0x66</size>
         <input_file_ref idref="fl-1"/>
      </object_component>
      <object_component id="oc-153">
         <name>.debug_line</name>
         <load_address>0x311</load_address>
         <run_address>0x311</run_address>
         <size>0x63</size>
         <input_file_ref idref="fl-1"/>
      </object_component>
      <object_component id="oc-c8">
         <name>.debug_line</name>
         <load_address>0x374</load_address>
         <run_address>0x374</run_address>
         <size>0x7a</size>
         <input_file_ref idref="fl-1"/>
      </object_component>
      <object_component id="oc-12a">
         <name>.debug_line</name>
         <load_address>0x3ee</load_address>
         <run_address>0x3ee</run_address>
         <size>0x20</size>
         <input_file_ref idref="fl-1"/>
      </object_component>
      <object_component id="oc-125">
         <name>.debug_line</name>
         <load_address>0x40e</load_address>
         <run_address>0x40e</run_address>
         <size>0x7e</size>
         <input_file_ref idref="fl-1"/>
      </object_component>
      <object_component id="oc-bc">
         <name>.debug_line</name>
         <load_address>0x48c</load_address>
         <run_address>0x48c</run_address>
         <size>0x7b</size>
         <input_file_ref idref="fl-1"/>
      </object_component>
      <object_component id="oc-c4">
         <name>.debug_line</name>
         <load_address>0x507</load_address>
         <run_address>0x507</run_address>
         <size>0x40</size>
         <input_file_ref idref="fl-2"/>
      </object_component>
      <object_component id="oc-74">
         <name>.debug_line</name>
         <load_address>0x547</load_address>
         <run_address>0x547</run_address>
         <size>0x40</size>
         <input_file_ref idref="fl-2"/>
      </object_component>
      <object_component id="oc-6b">
         <name>.debug_line</name>
         <load_address>0x587</load_address>
         <run_address>0x587</run_address>
         <size>0x71</size>
         <input_file_ref idref="fl-2"/>
      </object_component>
      <object_component id="oc-35">
         <name>.debug_line</name>
         <load_address>0x5f8</load_address>
         <run_address>0x5f8</run_address>
         <size>0x20</size>
         <input_file_ref idref="fl-2"/>
      </object_component>
      <object_component id="oc-14d">
         <name>.debug_line</name>
         <load_address>0x618</load_address>
         <run_address>0x618</run_address>
         <size>0x3b</size>
         <input_file_ref idref="fl-3"/>
      </object_component>
      <object_component id="oc-a9">
         <name>.debug_line</name>
         <load_address>0x653</load_address>
         <run_address>0x653</run_address>
         <size>0x134</size>
         <input_file_ref idref="fl-3"/>
      </object_component>
      <object_component id="oc-b0">
         <name>.debug_line</name>
         <load_address>0x787</load_address>
         <run_address>0x787</run_address>
         <size>0x75</size>
         <input_file_ref idref="fl-9"/>
      </object_component>
      <object_component id="oc-85">
         <name>.debug_line</name>
         <load_address>0x7fc</load_address>
         <run_address>0x7fc</run_address>
         <size>0x20</size>
         <input_file_ref idref="fl-c0"/>
      </object_component>
      <object_component id="oc-21">
         <name>.debug_line</name>
         <load_address>0x81c</load_address>
         <run_address>0x81c</run_address>
         <size>0x55</size>
         <input_file_ref idref="fl-c0"/>
      </object_component>
      <object_component id="oc-40">
         <name>.debug_line</name>
         <load_address>0x871</load_address>
         <run_address>0x871</run_address>
         <size>0x3a</size>
         <input_file_ref idref="fl-c0"/>
      </object_component>
      <object_component id="oc-82">
         <name>.debug_line</name>
         <load_address>0x8ab</load_address>
         <run_address>0x8ab</run_address>
         <size>0x92</size>
         <input_file_ref idref="fl-c0"/>
      </object_component>
      <object_component id="oc-d0">
         <name>.debug_line</name>
         <load_address>0x93d</load_address>
         <run_address>0x93d</run_address>
         <size>0x20</size>
         <input_file_ref idref="fl-c1"/>
      </object_component>
      <object_component id="oc-1b">
         <name>.debug_line</name>
         <load_address>0x95d</load_address>
         <run_address>0x95d</run_address>
         <size>0xa9</size>
         <input_file_ref idref="fl-c1"/>
      </object_component>
      <object_component id="oc-30">
         <name>.debug_line</name>
         <load_address>0xa06</load_address>
         <run_address>0xa06</run_address>
         <size>0x3a</size>
         <input_file_ref idref="fl-c1"/>
      </object_component>
      <object_component id="oc-cd">
         <name>.debug_line</name>
         <load_address>0xa40</load_address>
         <run_address>0xa40</run_address>
         <size>0x9a</size>
         <input_file_ref idref="fl-c1"/>
      </object_component>
      <object_component id="oc-7b">
         <name>.debug_line</name>
         <load_address>0xada</load_address>
         <run_address>0xada</run_address>
         <size>0x96</size>
         <input_file_ref idref="fl-c1"/>
      </object_component>
      <object_component id="oc-77">
         <name>.debug_line</name>
         <load_address>0xb70</load_address>
         <run_address>0xb70</run_address>
         <size>0x33</size>
         <input_file_ref idref="fl-c2"/>
      </object_component>
      <object_component id="oc-59">
         <name>.debug_line</name>
         <load_address>0xba3</load_address>
         <run_address>0xba3</run_address>
         <size>0x45</size>
         <input_file_ref idref="fl-c2"/>
      </object_component>
      <object_component id="oc-3b">
         <name>.debug_line</name>
         <load_address>0xbe8</load_address>
         <run_address>0xbe8</run_address>
         <size>0x88</size>
         <input_file_ref idref="fl-c3"/>
      </object_component>
      <object_component id="oc-169">
         <name>.debug_line</name>
         <load_address>0xc70</load_address>
         <run_address>0xc70</run_address>
         <size>0xbf</size>
         <input_file_ref idref="fl-c5"/>
      </object_component>
      <object_component id="oc-ea">
         <name>.debug_line</name>
         <load_address>0xd2f</load_address>
         <run_address>0xd2f</run_address>
         <size>0x6f</size>
         <input_file_ref idref="fl-c5"/>
      </object_component>
      <object_component id="oc-16d">
         <name>.debug_line</name>
         <load_address>0xd9e</load_address>
         <run_address>0xd9e</run_address>
         <size>0x2e</size>
         <input_file_ref idref="fl-c5"/>
      </object_component>
      <object_component id="oc-181">
         <name>.debug_line</name>
         <load_address>0xdcc</load_address>
         <run_address>0xdcc</run_address>
         <size>0x9a</size>
         <input_file_ref idref="fl-c5"/>
      </object_component>
      <object_component id="oc-172">
         <name>.debug_line</name>
         <load_address>0xe66</load_address>
         <run_address>0xe66</run_address>
         <size>0x97</size>
         <input_file_ref idref="fl-c5"/>
      </object_component>
      <object_component id="oc-177">
         <name>.debug_line</name>
         <load_address>0xefd</load_address>
         <run_address>0xefd</run_address>
         <size>0x93</size>
         <input_file_ref idref="fl-c5"/>
      </object_component>
      <object_component id="oc-97">
         <name>.debug_line</name>
         <load_address>0xf90</load_address>
         <run_address>0xf90</run_address>
         <size>0x40</size>
         <input_file_ref idref="fl-c6"/>
      </object_component>
      <object_component id="oc-dc">
         <name>.debug_line</name>
         <load_address>0xfd0</load_address>
         <run_address>0xfd0</run_address>
         <size>0x3c</size>
         <input_file_ref idref="fl-c8"/>
      </object_component>
      <object_component id="oc-72">
         <name>.debug_frame</name>
         <load_address>0x0</load_address>
         <run_address>0x0</run_address>
         <size>0x130</size>
         <input_file_ref idref="fl-1"/>
      </object_component>
      <object_component id="oc-6c">
         <name>.debug_frame</name>
         <load_address>0x130</load_address>
         <run_address>0x130</run_address>
         <size>0x6c</size>
         <input_file_ref idref="fl-2"/>
      </object_component>
      <object_component id="oc-aa">
         <name>.debug_frame</name>
         <load_address>0x19c</load_address>
         <run_address>0x19c</run_address>
         <size>0x70</size>
         <input_file_ref idref="fl-3"/>
      </object_component>
      <object_component id="oc-b1">
         <name>.debug_frame</name>
         <load_address>0x414</load_address>
         <run_address>0x414</run_address>
         <size>0x62</size>
         <input_file_ref idref="fl-9"/>
      </object_component>
      <object_component id="oc-22">
         <name>.debug_frame</name>
         <load_address>0x20c</load_address>
         <run_address>0x20c</run_address>
         <size>0x54</size>
         <input_file_ref idref="fl-c0"/>
      </object_component>
      <object_component id="oc-1c">
         <name>.debug_frame</name>
         <load_address>0x260</load_address>
         <run_address>0x260</run_address>
         <size>0x60</size>
         <input_file_ref idref="fl-c1"/>
      </object_component>
      <object_component id="oc-5a">
         <name>.debug_frame</name>
         <load_address>0x2c0</load_address>
         <run_address>0x2c0</run_address>
         <size>0x50</size>
         <input_file_ref idref="fl-c2"/>
      </object_component>
      <object_component id="oc-eb">
         <name>.debug_frame</name>
         <load_address>0x310</load_address>
         <run_address>0x310</run_address>
         <size>0x5c</size>
         <input_file_ref idref="fl-c5"/>
      </object_component>
      <object_component id="oc-98">
         <name>.debug_frame</name>
         <load_address>0x36c</load_address>
         <run_address>0x36c</run_address>
         <size>0x54</size>
         <input_file_ref idref="fl-c6"/>
      </object_component>
      <object_component id="oc-db">
         <name>.debug_frame</name>
         <load_address>0x3c0</load_address>
         <run_address>0x3c0</run_address>
         <size>0x54</size>
         <input_file_ref idref="fl-c8"/>
      </object_component>
      <object_component id="oc-14e">
         <name>.debug_abbrev</name>
         <load_address>0x0</load_address>
         <run_address>0x0</run_address>
         <size>0x8e</size>
         <input_file_ref idref="fl-1"/>
      </object_component>
      <object_component id="oc-120">
         <name>.debug_abbrev</name>
         <load_address>0x8e</load_address>
         <run_address>0x8e</run_address>
         <size>0x29</size>
         <input_file_ref idref="fl-1"/>
      </object_component>
      <object_component id="oc-11d">
         <name>.debug_abbrev</name>
         <load_address>0xb7</load_address>
         <run_address>0xb7</run_address>
         <size>0x3d</size>
         <input_file_ref idref="fl-1"/>
      </object_component>
      <object_component id="oc-b8">
         <name>.debug_abbrev</name>
         <load_address>0xf4</load_address>
         <run_address>0xf4</run_address>
         <size>0xc6</size>
         <input_file_ref idref="fl-1"/>
      </object_component>
      <object_component id="oc-c0">
         <name>.debug_abbrev</name>
         <load_address>0x1ba</load_address>
         <run_address>0x1ba</run_address>
         <size>0x49</size>
         <input_file_ref idref="fl-1"/>
      </object_component>
      <object_component id="oc-157">
         <name>.debug_abbrev</name>
         <load_address>0x203</load_address>
         <run_address>0x203</run_address>
         <size>0x97</size>
         <input_file_ref idref="fl-1"/>
      </object_component>
      <object_component id="oc-152">
         <name>.debug_abbrev</name>
         <load_address>0x29a</load_address>
         <run_address>0x29a</run_address>
         <size>0xbd</size>
         <input_file_ref idref="fl-1"/>
      </object_component>
      <object_component id="oc-c7">
         <name>.debug_abbrev</name>
         <load_address>0x357</load_address>
         <run_address>0x357</run_address>
         <size>0x69</size>
         <input_file_ref idref="fl-1"/>
      </object_component>
      <object_component id="oc-129">
         <name>.debug_abbrev</name>
         <load_address>0x3c0</load_address>
         <run_address>0x3c0</run_address>
         <size>0x1f</size>
         <input_file_ref idref="fl-1"/>
      </object_component>
      <object_component id="oc-124">
         <name>.debug_abbrev</name>
         <load_address>0x3df</load_address>
         <run_address>0x3df</run_address>
         <size>0x5c</size>
         <input_file_ref idref="fl-1"/>
      </object_component>
      <object_component id="oc-bb">
         <name>.debug_abbrev</name>
         <load_address>0x43b</load_address>
         <run_address>0x43b</run_address>
         <size>0x24</size>
         <input_file_ref idref="fl-1"/>
      </object_component>
      <object_component id="oc-c3">
         <name>.debug_abbrev</name>
         <load_address>0x45f</load_address>
         <run_address>0x45f</run_address>
         <size>0x7c</size>
         <input_file_ref idref="fl-2"/>
      </object_component>
      <object_component id="oc-73">
         <name>.debug_abbrev</name>
         <load_address>0x4db</load_address>
         <run_address>0x4db</run_address>
         <size>0x29</size>
         <input_file_ref idref="fl-2"/>
      </object_component>
      <object_component id="oc-ab">
         <name>.debug_abbrev</name>
         <load_address>0x504</load_address>
         <run_address>0x504</run_address>
         <size>0x89</size>
         <input_file_ref idref="fl-2"/>
      </object_component>
      <object_component id="oc-34">
         <name>.debug_abbrev</name>
         <load_address>0x58d</load_address>
         <run_address>0x58d</run_address>
         <size>0x1f</size>
         <input_file_ref idref="fl-2"/>
      </object_component>
      <object_component id="oc-14c">
         <name>.debug_abbrev</name>
         <load_address>0x5ac</load_address>
         <run_address>0x5ac</run_address>
         <size>0x29</size>
         <input_file_ref idref="fl-3"/>
      </object_component>
      <object_component id="oc-11b">
         <name>.debug_abbrev</name>
         <load_address>0x5d5</load_address>
         <run_address>0x5d5</run_address>
         <size>0x8b</size>
         <input_file_ref idref="fl-3"/>
      </object_component>
      <object_component id="oc-11c">
         <name>.debug_abbrev</name>
         <load_address>0x660</load_address>
         <run_address>0x660</run_address>
         <size>0x50</size>
         <input_file_ref idref="fl-9"/>
      </object_component>
      <object_component id="oc-84">
         <name>.debug_abbrev</name>
         <load_address>0x6b0</load_address>
         <run_address>0x6b0</run_address>
         <size>0x37</size>
         <input_file_ref idref="fl-c0"/>
      </object_component>
      <object_component id="oc-3c">
         <name>.debug_abbrev</name>
         <load_address>0x6e7</load_address>
         <run_address>0x6e7</run_address>
         <size>0x74</size>
         <input_file_ref idref="fl-c0"/>
      </object_component>
      <object_component id="oc-3f">
         <name>.debug_abbrev</name>
         <load_address>0x75b</load_address>
         <run_address>0x75b</run_address>
         <size>0x24</size>
         <input_file_ref idref="fl-c0"/>
      </object_component>
      <object_component id="oc-81">
         <name>.debug_abbrev</name>
         <load_address>0x77f</load_address>
         <run_address>0x77f</run_address>
         <size>0x24</size>
         <input_file_ref idref="fl-c0"/>
      </object_component>
      <object_component id="oc-cf">
         <name>.debug_abbrev</name>
         <load_address>0x7a3</load_address>
         <run_address>0x7a3</run_address>
         <size>0x37</size>
         <input_file_ref idref="fl-c1"/>
      </object_component>
      <object_component id="oc-2c">
         <name>.debug_abbrev</name>
         <load_address>0x7da</load_address>
         <run_address>0x7da</run_address>
         <size>0x6f</size>
         <input_file_ref idref="fl-c1"/>
      </object_component>
      <object_component id="oc-2f">
         <name>.debug_abbrev</name>
         <load_address>0x849</load_address>
         <run_address>0x849</run_address>
         <size>0x24</size>
         <input_file_ref idref="fl-c1"/>
      </object_component>
      <object_component id="oc-cc">
         <name>.debug_abbrev</name>
         <load_address>0x86d</load_address>
         <run_address>0x86d</run_address>
         <size>0x35</size>
         <input_file_ref idref="fl-c1"/>
      </object_component>
      <object_component id="oc-7a">
         <name>.debug_abbrev</name>
         <load_address>0x8a2</load_address>
         <run_address>0x8a2</run_address>
         <size>0x24</size>
         <input_file_ref idref="fl-c1"/>
      </object_component>
      <object_component id="oc-76">
         <name>.debug_abbrev</name>
         <load_address>0x8c6</load_address>
         <run_address>0x8c6</run_address>
         <size>0x29</size>
         <input_file_ref idref="fl-c2"/>
      </object_component>
      <object_component id="oc-9c">
         <name>.debug_abbrev</name>
         <load_address>0x8ef</load_address>
         <run_address>0x8ef</run_address>
         <size>0x55</size>
         <input_file_ref idref="fl-c2"/>
      </object_component>
      <object_component id="oc-7e">
         <name>.debug_abbrev</name>
         <load_address>0x944</load_address>
         <run_address>0x944</run_address>
         <size>0x3e</size>
         <input_file_ref idref="fl-c3"/>
      </object_component>
      <object_component id="oc-168">
         <name>.debug_abbrev</name>
         <load_address>0x982</load_address>
         <run_address>0x982</run_address>
         <size>0xc0</size>
         <input_file_ref idref="fl-c5"/>
      </object_component>
      <object_component id="oc-136">
         <name>.debug_abbrev</name>
         <load_address>0xa42</load_address>
         <run_address>0xa42</run_address>
         <size>0x7e</size>
         <input_file_ref idref="fl-c5"/>
      </object_component>
      <object_component id="oc-16c">
         <name>.debug_abbrev</name>
         <load_address>0xac0</load_address>
         <run_address>0xac0</run_address>
         <size>0x24</size>
         <input_file_ref idref="fl-c5"/>
      </object_component>
      <object_component id="oc-180">
         <name>.debug_abbrev</name>
         <load_address>0xae4</load_address>
         <run_address>0xae4</run_address>
         <size>0x24</size>
         <input_file_ref idref="fl-c5"/>
      </object_component>
      <object_component id="oc-171">
         <name>.debug_abbrev</name>
         <load_address>0xb08</load_address>
         <run_address>0xb08</run_address>
         <size>0x24</size>
         <input_file_ref idref="fl-c5"/>
      </object_component>
      <object_component id="oc-176">
         <name>.debug_abbrev</name>
         <load_address>0xb2c</load_address>
         <run_address>0xb2c</run_address>
         <size>0x4b</size>
         <input_file_ref idref="fl-c5"/>
      </object_component>
      <object_component id="oc-d9">
         <name>.debug_abbrev</name>
         <load_address>0xb77</load_address>
         <run_address>0xb77</run_address>
         <size>0x55</size>
         <input_file_ref idref="fl-c6"/>
      </object_component>
      <object_component id="oc-12c">
         <name>.debug_abbrev</name>
         <load_address>0xbcc</load_address>
         <run_address>0xbcc</run_address>
         <size>0x45</size>
         <input_file_ref idref="fl-c8"/>
      </object_component>
      <object_component id="oc-1bf">
         <name>.debug_abbrev</name>
         <load_address>0xc11</load_address>
         <run_address>0xc11</run_address>
         <size>0xf</size>
      </object_component>
      <object_component id="oc-c2">
         <name>.debug_str</name>
         <load_address>0x0</load_address>
         <run_address>0x0</run_address>
         <size>0xaa</size>
         <input_file_ref idref="fl-1"/>
      </object_component>
      <object_component id="oc-159">
         <name>.debug_str</name>
         <load_address>0xaa</load_address>
         <run_address>0xaa</run_address>
         <size>0x48a</size>
         <input_file_ref idref="fl-1"/>
      </object_component>
      <object_component id="oc-154">
         <name>.debug_str</name>
         <load_address>0x534</load_address>
         <run_address>0x534</run_address>
         <size>0x15ce</size>
         <input_file_ref idref="fl-1"/>
      </object_component>
      <object_component id="oc-c9">
         <name>.debug_str</name>
         <load_address>0x1b02</load_address>
         <run_address>0x1b02</run_address>
         <size>0x2b5</size>
         <input_file_ref idref="fl-1"/>
      </object_component>
      <object_component id="oc-12b">
         <name>.debug_str</name>
         <load_address>0x1db7</load_address>
         <run_address>0x1db7</run_address>
         <size>0xff</size>
         <input_file_ref idref="fl-1"/>
      </object_component>
      <object_component id="oc-126">
         <name>.debug_str</name>
         <load_address>0x1eb6</load_address>
         <run_address>0x1eb6</run_address>
         <size>0x34b</size>
         <input_file_ref idref="fl-1"/>
      </object_component>
      <object_component id="oc-bd">
         <name>.debug_str</name>
         <load_address>0x2201</load_address>
         <run_address>0x2201</run_address>
         <size>0x14d</size>
         <input_file_ref idref="fl-1"/>
      </object_component>
      <object_component id="oc-36">
         <name>.debug_str</name>
         <load_address>0x234e</load_address>
         <run_address>0x234e</run_address>
         <size>0xff</size>
         <input_file_ref idref="fl-2"/>
      </object_component>
      <object_component id="oc-41">
         <name>.debug_str</name>
         <load_address>0x244d</load_address>
         <run_address>0x244d</run_address>
         <size>0x10b</size>
         <input_file_ref idref="fl-c0"/>
      </object_component>
      <object_component id="oc-83">
         <name>.debug_str</name>
         <load_address>0x2558</load_address>
         <run_address>0x2558</run_address>
         <size>0x140</size>
         <input_file_ref idref="fl-c0"/>
      </object_component>
      <object_component id="oc-31">
         <name>.debug_str</name>
         <load_address>0x2698</load_address>
         <run_address>0x2698</run_address>
         <size>0x118</size>
         <input_file_ref idref="fl-c1"/>
      </object_component>
      <object_component id="oc-ce">
         <name>.debug_str</name>
         <load_address>0x27b0</load_address>
         <run_address>0x27b0</run_address>
         <size>0x16b</size>
         <input_file_ref idref="fl-c1"/>
      </object_component>
      <object_component id="oc-7c">
         <name>.debug_str</name>
         <load_address>0x291b</load_address>
         <run_address>0x291b</run_address>
         <size>0x158</size>
         <input_file_ref idref="fl-c1"/>
      </object_component>
      <object_component id="oc-16e">
         <name>.debug_str</name>
         <load_address>0x2a73</load_address>
         <run_address>0x2a73</run_address>
         <size>0xed</size>
         <input_file_ref idref="fl-c5"/>
      </object_component>
      <object_component id="oc-182">
         <name>.debug_str</name>
         <load_address>0x2b60</load_address>
         <run_address>0x2b60</run_address>
         <size>0x157</size>
         <input_file_ref idref="fl-c5"/>
      </object_component>
      <object_component id="oc-173">
         <name>.debug_str</name>
         <load_address>0x2cb7</load_address>
         <run_address>0x2cb7</run_address>
         <size>0x150</size>
         <input_file_ref idref="fl-c5"/>
      </object_component>
      <object_component id="oc-178">
         <name>.debug_str</name>
         <load_address>0x2e07</load_address>
         <run_address>0x2e07</run_address>
         <size>0x197</size>
         <input_file_ref idref="fl-c5"/>
      </object_component>
      <object_component id="oc-6f">
         <name>.debug_aranges</name>
         <load_address>0x0</load_address>
         <run_address>0x0</run_address>
         <size>0x70</size>
         <input_file_ref idref="fl-1"/>
      </object_component>
      <object_component id="oc-69">
         <name>.debug_aranges</name>
         <load_address>0x70</load_address>
         <run_address>0x70</run_address>
         <size>0x28</size>
         <input_file_ref idref="fl-2"/>
      </object_component>
      <object_component id="oc-a7">
         <name>.debug_aranges</name>
         <load_address>0x98</load_address>
         <run_address>0x98</run_address>
         <size>0x28</size>
         <input_file_ref idref="fl-3"/>
      </object_component>
      <object_component id="oc-ad">
         <name>.debug_aranges</name>
         <load_address>0xc0</load_address>
         <run_address>0xc0</run_address>
         <size>0x28</size>
         <input_file_ref idref="fl-9"/>
      </object_component>
      <object_component id="oc-1f">
         <name>.debug_aranges</name>
         <load_address>0xe8</load_address>
         <run_address>0xe8</run_address>
         <size>0x20</size>
         <input_file_ref idref="fl-c0"/>
      </object_component>
      <object_component id="oc-19">
         <name>.debug_aranges</name>
         <load_address>0x108</load_address>
         <run_address>0x108</run_address>
         <size>0x20</size>
         <input_file_ref idref="fl-c1"/>
      </object_component>
      <object_component id="oc-57">
         <name>.debug_aranges</name>
         <load_address>0x128</load_address>
         <run_address>0x128</run_address>
         <size>0x20</size>
         <input_file_ref idref="fl-c2"/>
      </object_component>
      <object_component id="oc-39">
         <name>.debug_aranges</name>
         <load_address>0x148</load_address>
         <run_address>0x148</run_address>
         <size>0x20</size>
         <input_file_ref idref="fl-c3"/>
      </object_component>
      <object_component id="oc-e8">
         <name>.debug_aranges</name>
         <load_address>0x168</load_address>
         <run_address>0x168</run_address>
         <size>0x20</size>
         <input_file_ref idref="fl-c5"/>
      </object_component>
      <object_component id="oc-95">
         <name>.debug_aranges</name>
         <load_address>0x188</load_address>
         <run_address>0x188</run_address>
         <size>0x20</size>
         <input_file_ref idref="fl-c6"/>
      </object_component>
      <object_component id="oc-df">
         <name>.debug_aranges</name>
         <load_address>0x1a8</load_address>
         <run_address>0x1a8</run_address>
         <size>0x20</size>
         <input_file_ref idref="fl-c8"/>
      </object_component>
      <object_component id="oc-b7">
         <name>.debug_pubnames</name>
         <load_address>0x0</load_address>
         <run_address>0x0</run_address>
         <size>0x25</size>
         <input_file_ref idref="fl-1"/>
      </object_component>
      <object_component id="oc-b4">
         <name>.debug_pubnames</name>
         <load_address>0x25</load_address>
         <run_address>0x25</run_address>
         <size>0x42</size>
         <input_file_ref idref="fl-1"/>
      </object_component>
      <object_component id="oc-70">
         <name>.debug_pubnames</name>
         <load_address>0x67</load_address>
         <run_address>0x67</run_address>
         <size>0xe3</size>
         <input_file_ref idref="fl-1"/>
      </object_component>
      <object_component id="oc-28">
         <name>.debug_pubnames</name>
         <load_address>0x14a</load_address>
         <run_address>0x14a</run_address>
         <size>0x27</size>
         <input_file_ref idref="fl-2"/>
      </object_component>
      <object_component id="oc-6a">
         <name>.debug_pubnames</name>
         <load_address>0x171</load_address>
         <run_address>0x171</run_address>
         <size>0x38</size>
         <input_file_ref idref="fl-2"/>
      </object_component>
      <object_component id="oc-11a">
         <name>.debug_pubnames</name>
         <load_address>0x1a9</load_address>
         <run_address>0x1a9</run_address>
         <size>0x26</size>
         <input_file_ref idref="fl-3"/>
      </object_component>
      <object_component id="oc-a8">
         <name>.debug_pubnames</name>
         <load_address>0x1cf</load_address>
         <run_address>0x1cf</run_address>
         <size>0x3b</size>
         <input_file_ref idref="fl-3"/>
      </object_component>
      <object_component id="oc-af">
         <name>.debug_pubnames</name>
         <load_address>0x20a</load_address>
         <run_address>0x20a</run_address>
         <size>0x38</size>
         <input_file_ref idref="fl-9"/>
      </object_component>
      <object_component id="oc-20">
         <name>.debug_pubnames</name>
         <load_address>0x242</load_address>
         <run_address>0x242</run_address>
         <size>0x2b</size>
         <input_file_ref idref="fl-c0"/>
      </object_component>
      <object_component id="oc-1a">
         <name>.debug_pubnames</name>
         <load_address>0x26d</load_address>
         <run_address>0x26d</run_address>
         <size>0x2b</size>
         <input_file_ref idref="fl-c1"/>
      </object_component>
      <object_component id="oc-2b">
         <name>.debug_pubnames</name>
         <load_address>0x298</load_address>
         <run_address>0x298</run_address>
         <size>0x1e</size>
         <input_file_ref idref="fl-c2"/>
      </object_component>
      <object_component id="oc-58">
         <name>.debug_pubnames</name>
         <load_address>0x2b6</load_address>
         <run_address>0x2b6</run_address>
         <size>0x26</size>
         <input_file_ref idref="fl-c2"/>
      </object_component>
      <object_component id="oc-3a">
         <name>.debug_pubnames</name>
         <load_address>0x2dc</load_address>
         <run_address>0x2dc</run_address>
         <size>0x1d</size>
         <input_file_ref idref="fl-c3"/>
      </object_component>
      <object_component id="oc-e9">
         <name>.debug_pubnames</name>
         <load_address>0x2f9</load_address>
         <run_address>0x2f9</run_address>
         <size>0x35</size>
         <input_file_ref idref="fl-c5"/>
      </object_component>
      <object_component id="oc-96">
         <name>.debug_pubnames</name>
         <load_address>0x32e</load_address>
         <run_address>0x32e</run_address>
         <size>0x27</size>
         <input_file_ref idref="fl-c6"/>
      </object_component>
      <object_component id="oc-de">
         <name>.debug_pubnames</name>
         <load_address>0x355</load_address>
         <run_address>0x355</run_address>
         <size>0x1c</size>
         <input_file_ref idref="fl-c8"/>
      </object_component>
      <object_component id="oc-bf">
         <name>.debug_pubtypes</name>
         <load_address>0x0</load_address>
         <run_address>0x0</run_address>
         <size>0x1e</size>
         <input_file_ref idref="fl-1"/>
      </object_component>
      <object_component id="oc-156">
         <name>.debug_pubtypes</name>
         <load_address>0x1e</load_address>
         <run_address>0x1e</run_address>
         <size>0xdd</size>
         <input_file_ref idref="fl-1"/>
      </object_component>
      <object_component id="oc-151">
         <name>.debug_pubtypes</name>
         <load_address>0xfb</load_address>
         <run_address>0xfb</run_address>
         <size>0x2ce</size>
         <input_file_ref idref="fl-1"/>
      </object_component>
      <object_component id="oc-c6">
         <name>.debug_pubtypes</name>
         <load_address>0x3c9</load_address>
         <run_address>0x3c9</run_address>
         <size>0x25c</size>
         <input_file_ref idref="fl-1"/>
      </object_component>
      <object_component id="oc-128">
         <name>.debug_pubtypes</name>
         <load_address>0x625</load_address>
         <run_address>0x625</run_address>
         <size>0xff</size>
         <input_file_ref idref="fl-1"/>
      </object_component>
      <object_component id="oc-123">
         <name>.debug_pubtypes</name>
         <load_address>0x724</load_address>
         <run_address>0x724</run_address>
         <size>0x330</size>
         <input_file_ref idref="fl-1"/>
      </object_component>
      <object_component id="oc-ba">
         <name>.debug_pubtypes</name>
         <load_address>0xa54</load_address>
         <run_address>0xa54</run_address>
         <size>0xaa</size>
         <input_file_ref idref="fl-1"/>
      </object_component>
      <object_component id="oc-33">
         <name>.debug_pubtypes</name>
         <load_address>0xafe</load_address>
         <run_address>0xafe</run_address>
         <size>0xed</size>
         <input_file_ref idref="fl-2"/>
      </object_component>
      <object_component id="oc-3e">
         <name>.debug_pubtypes</name>
         <load_address>0xbeb</load_address>
         <run_address>0xbeb</run_address>
         <size>0x48</size>
         <input_file_ref idref="fl-c0"/>
      </object_component>
      <object_component id="oc-80">
         <name>.debug_pubtypes</name>
         <load_address>0xc33</load_address>
         <run_address>0xc33</run_address>
         <size>0x1d</size>
         <input_file_ref idref="fl-c0"/>
      </object_component>
      <object_component id="oc-2e">
         <name>.debug_pubtypes</name>
         <load_address>0xc50</load_address>
         <run_address>0xc50</run_address>
         <size>0x5d</size>
         <input_file_ref idref="fl-c1"/>
      </object_component>
      <object_component id="oc-cb">
         <name>.debug_pubtypes</name>
         <load_address>0xcad</load_address>
         <run_address>0xcad</run_address>
         <size>0x48</size>
         <input_file_ref idref="fl-c1"/>
      </object_component>
      <object_component id="oc-79">
         <name>.debug_pubtypes</name>
         <load_address>0xcf5</load_address>
         <run_address>0xcf5</run_address>
         <size>0x35</size>
         <input_file_ref idref="fl-c1"/>
      </object_component>
      <object_component id="oc-16b">
         <name>.debug_pubtypes</name>
         <load_address>0xd2a</load_address>
         <run_address>0xd2a</run_address>
         <size>0x32</size>
         <input_file_ref idref="fl-c5"/>
      </object_component>
      <object_component id="oc-17f">
         <name>.debug_pubtypes</name>
         <load_address>0xd5c</load_address>
         <run_address>0xd5c</run_address>
         <size>0x30</size>
         <input_file_ref idref="fl-c5"/>
      </object_component>
      <object_component id="oc-170">
         <name>.debug_pubtypes</name>
         <load_address>0xd8c</load_address>
         <run_address>0xd8c</run_address>
         <size>0x2c</size>
         <input_file_ref idref="fl-c5"/>
      </object_component>
      <object_component id="oc-175">
         <name>.debug_pubtypes</name>
         <load_address>0xdb8</load_address>
         <run_address>0xdb8</run_address>
         <size>0x50</size>
         <input_file_ref idref="fl-c5"/>
      </object_component>
   </object_component_list>
   <logical_group_list>
      <logical_group id="lg-3" display="no" color="cyan">
         <name>.intvecs</name>
         <load_address>0x0</load_address>
         <run_address>0x0</run_address>
         <size>0xe4</size>
         <contents>
            <object_component_ref idref="oc-26"/>
         </contents>
      </logical_group>
      <logical_group id="lg-4" display="no" color="cyan">
         <name>.text</name>
         <load_address>0xe4</load_address>
         <run_address>0xe4</run_address>
         <size>0xa70</size>
         <contents>
            <object_component_ref idref="oc-6d"/>
            <object_component_ref idref="oc-a5"/>
            <object_component_ref idref="oc-37"/>
            <object_component_ref idref="oc-ac"/>
            <object_component_ref idref="oc-17"/>
            <object_component_ref idref="oc-e6"/>
            <object_component_ref idref="oc-55"/>
            <object_component_ref idref="oc-1d"/>
            <object_component_ref idref="oc-67"/>
            <object_component_ref idref="oc-93"/>
            <object_component_ref idref="oc-da"/>
         </contents>
      </logical_group>
      <logical_group id="lg-5" display="no" color="cyan">
         <name>.const</name>
         <run_address>0x0</run_address>
         <size>0x0</size>
         <contents>
         </contents>
      </logical_group>
      <logical_group id="lg-6" display="no" color="cyan">
         <name>.cinit</name>
         <load_address>0xb58</load_address>
         <run_address>0xb58</run_address>
         <size>0x30</size>
         <contents>
            <object_component_ref idref="oc-1bb"/>
            <object_component_ref idref="oc-1b9"/>
            <object_component_ref idref="oc-1ba"/>
         </contents>
      </logical_group>
      <logical_group id="lg-7" display="no" color="cyan">
         <name>.pinit</name>
         <run_address>0x0</run_address>
         <size>0x0</size>
         <contents>
         </contents>
      </logical_group>
      <logical_group id="lg-8" display="no" color="cyan">
         <name>.init_array</name>
         <run_address>0x0</run_address>
         <size>0x0</size>
         <contents>
         </contents>
      </logical_group>
      <logical_group id="lg-9" display="no" color="cyan">
         <name>.binit</name>
         <load_address>0x0</load_address>
         <run_address>0x0</run_address>
         <size>0x0</size>
         <contents>
            <object_component_ref idref="oc-18d"/>
         </contents>
      </logical_group>
      <logical_group id="lg-a" display="no" color="cyan">
         <name>.flashMailbox</name>
         <run_address>0x0</run_address>
         <size>0x0</size>
         <contents>
         </contents>
      </logical_group>
      <logical_group id="lg-b" display="no" color="cyan">
         <name>.tlvTable</name>
         <run_address>0x0</run_address>
         <size>0x0</size>
         <contents>
         </contents>
      </logical_group>
      <logical_group id="lg-c" display="no" color="cyan">
         <name>.bslArea</name>
         <run_address>0x0</run_address>
         <size>0x0</size>
         <contents>
         </contents>
      </logical_group>
      <logical_group id="lg-d" display="no" color="cyan">
         <name>.vtable</name>
         <run_address>0x0</run_address>
         <size>0x0</size>
         <contents>
         </contents>
      </logical_group>
      <logical_group id="lg-e" display="no" color="cyan">
         <name>.data</name>
         <run_address>0x20000000</run_address>
         <size>0x20</size>
         <contents>
            <object_component_ref idref="oc-b5"/>
            <object_component_ref idref="oc-b2"/>
            <object_component_ref idref="oc-118"/>
         </contents>
      </logical_group>
      <logical_group id="lg-f" display="no" color="cyan">
         <name>.bss</name>
         <run_address>0x0</run_address>
         <size>0x0</size>
         <contents>
         </contents>
      </logical_group>
      <logical_group id="lg-10" display="no" color="cyan">
         <name>.sysmem</name>
         <run_address>0x0</run_address>
         <size>0x0</size>
         <contents>
         </contents>
      </logical_group>
      <logical_group id="lg-11" display="no" color="cyan">
         <name>.stack</name>
         <run_address>0x2000fe00</run_address>
         <size>0x200</size>
         <contents>
            <object_component_ref idref="oc-29"/>
            <object_component_ref idref="oc-1bd"/>
         </contents>
      </logical_group>
      <logical_group id="lg-12" display="no" color="cyan">
         <name>.TI.ramfunc</name>
         <run_address>0x0</run_address>
         <size>0x0</size>
         <contents>
         </contents>
      </logical_group>
      <logical_group id="lg-18a" display="no" color="cyan">
         <name>.TI.noinit</name>
         <run_address>0x0</run_address>
         <size>0x0</size>
         <contents>
         </contents>
      </logical_group>
      <logical_group id="lg-18b" display="no" color="cyan">
         <name>.TI.persistent</name>
         <run_address>0x0</run_address>
         <size>0x0</size>
         <contents>
         </contents>
      </logical_group>
      <logical_group id="lg-18c" display="no" color="cyan">
         <name>__llvm_prf_cnts</name>
         <run_address>0x20000000</run_address>
         <size>0x0</size>
         <contents>
         </contents>
      </logical_group>
      <logical_group id="lg-1a1" display="never" color="cyan">
         <name>.debug_info</name>
         <load_address>0x0</load_address>
         <run_address>0x0</run_address>
         <size>0x7f9a</size>
         <contents>
            <object_component_ref idref="oc-11f"/>
            <object_component_ref idref="oc-b6"/>
            <object_component_ref idref="oc-b3"/>
            <object_component_ref idref="oc-6e"/>
            <object_component_ref idref="oc-be"/>
            <object_component_ref idref="oc-155"/>
            <object_component_ref idref="oc-150"/>
            <object_component_ref idref="oc-c5"/>
            <object_component_ref idref="oc-127"/>
            <object_component_ref idref="oc-122"/>
            <object_component_ref idref="oc-b9"/>
            <object_component_ref idref="oc-75"/>
            <object_component_ref idref="oc-27"/>
            <object_component_ref idref="oc-68"/>
            <object_component_ref idref="oc-32"/>
            <object_component_ref idref="oc-119"/>
            <object_component_ref idref="oc-a6"/>
            <object_component_ref idref="oc-ae"/>
            <object_component_ref idref="oc-42"/>
            <object_component_ref idref="oc-1e"/>
            <object_component_ref idref="oc-3d"/>
            <object_component_ref idref="oc-7f"/>
            <object_component_ref idref="oc-7d"/>
            <object_component_ref idref="oc-18"/>
            <object_component_ref idref="oc-2d"/>
            <object_component_ref idref="oc-ca"/>
            <object_component_ref idref="oc-78"/>
            <object_component_ref idref="oc-2a"/>
            <object_component_ref idref="oc-56"/>
            <object_component_ref idref="oc-38"/>
            <object_component_ref idref="oc-137"/>
            <object_component_ref idref="oc-e7"/>
            <object_component_ref idref="oc-16a"/>
            <object_component_ref idref="oc-17e"/>
            <object_component_ref idref="oc-16f"/>
            <object_component_ref idref="oc-174"/>
            <object_component_ref idref="oc-94"/>
            <object_component_ref idref="oc-dd"/>
            <object_component_ref idref="oc-1be"/>
         </contents>
      </logical_group>
      <logical_group id="lg-1a3" display="never" color="cyan">
         <name>.debug_line</name>
         <load_address>0x0</load_address>
         <run_address>0x0</run_address>
         <size>0x100c</size>
         <contents>
            <object_component_ref idref="oc-14f"/>
            <object_component_ref idref="oc-121"/>
            <object_component_ref idref="oc-11e"/>
            <object_component_ref idref="oc-71"/>
            <object_component_ref idref="oc-c1"/>
            <object_component_ref idref="oc-158"/>
            <object_component_ref idref="oc-153"/>
            <object_component_ref idref="oc-c8"/>
            <object_component_ref idref="oc-12a"/>
            <object_component_ref idref="oc-125"/>
            <object_component_ref idref="oc-bc"/>
            <object_component_ref idref="oc-c4"/>
            <object_component_ref idref="oc-74"/>
            <object_component_ref idref="oc-6b"/>
            <object_component_ref idref="oc-35"/>
            <object_component_ref idref="oc-14d"/>
            <object_component_ref idref="oc-a9"/>
            <object_component_ref idref="oc-b0"/>
            <object_component_ref idref="oc-85"/>
            <object_component_ref idref="oc-21"/>
            <object_component_ref idref="oc-40"/>
            <object_component_ref idref="oc-82"/>
            <object_component_ref idref="oc-d0"/>
            <object_component_ref idref="oc-1b"/>
            <object_component_ref idref="oc-30"/>
            <object_component_ref idref="oc-cd"/>
            <object_component_ref idref="oc-7b"/>
            <object_component_ref idref="oc-77"/>
            <object_component_ref idref="oc-59"/>
            <object_component_ref idref="oc-3b"/>
            <object_component_ref idref="oc-169"/>
            <object_component_ref idref="oc-ea"/>
            <object_component_ref idref="oc-16d"/>
            <object_component_ref idref="oc-181"/>
            <object_component_ref idref="oc-172"/>
            <object_component_ref idref="oc-177"/>
            <object_component_ref idref="oc-97"/>
            <object_component_ref idref="oc-dc"/>
         </contents>
      </logical_group>
      <logical_group id="lg-1a5" display="never" color="cyan">
         <name>.debug_frame</name>
         <load_address>0x0</load_address>
         <run_address>0x0</run_address>
         <size>0x476</size>
         <contents>
            <object_component_ref idref="oc-72"/>
            <object_component_ref idref="oc-6c"/>
            <object_component_ref idref="oc-aa"/>
            <object_component_ref idref="oc-b1"/>
            <object_component_ref idref="oc-22"/>
            <object_component_ref idref="oc-1c"/>
            <object_component_ref idref="oc-5a"/>
            <object_component_ref idref="oc-eb"/>
            <object_component_ref idref="oc-98"/>
            <object_component_ref idref="oc-db"/>
         </contents>
      </logical_group>
      <logical_group id="lg-1a7" display="never" color="cyan">
         <name>.debug_abbrev</name>
         <load_address>0x0</load_address>
         <run_address>0x0</run_address>
         <size>0xc20</size>
         <contents>
            <object_component_ref idref="oc-14e"/>
            <object_component_ref idref="oc-120"/>
            <object_component_ref idref="oc-11d"/>
            <object_component_ref idref="oc-b8"/>
            <object_component_ref idref="oc-c0"/>
            <object_component_ref idref="oc-157"/>
            <object_component_ref idref="oc-152"/>
            <object_component_ref idref="oc-c7"/>
            <object_component_ref idref="oc-129"/>
            <object_component_ref idref="oc-124"/>
            <object_component_ref idref="oc-bb"/>
            <object_component_ref idref="oc-c3"/>
            <object_component_ref idref="oc-73"/>
            <object_component_ref idref="oc-ab"/>
            <object_component_ref idref="oc-34"/>
            <object_component_ref idref="oc-14c"/>
            <object_component_ref idref="oc-11b"/>
            <object_component_ref idref="oc-11c"/>
            <object_component_ref idref="oc-84"/>
            <object_component_ref idref="oc-3c"/>
            <object_component_ref idref="oc-3f"/>
            <object_component_ref idref="oc-81"/>
            <object_component_ref idref="oc-cf"/>
            <object_component_ref idref="oc-2c"/>
            <object_component_ref idref="oc-2f"/>
            <object_component_ref idref="oc-cc"/>
            <object_component_ref idref="oc-7a"/>
            <object_component_ref idref="oc-76"/>
            <object_component_ref idref="oc-9c"/>
            <object_component_ref idref="oc-7e"/>
            <object_component_ref idref="oc-168"/>
            <object_component_ref idref="oc-136"/>
            <object_component_ref idref="oc-16c"/>
            <object_component_ref idref="oc-180"/>
            <object_component_ref idref="oc-171"/>
            <object_component_ref idref="oc-176"/>
            <object_component_ref idref="oc-d9"/>
            <object_component_ref idref="oc-12c"/>
            <object_component_ref idref="oc-1bf"/>
         </contents>
      </logical_group>
      <logical_group id="lg-1a9" display="never" color="cyan">
         <name>.debug_str</name>
         <load_address>0x0</load_address>
         <run_address>0x0</run_address>
         <size>0x2f9e</size>
         <contents>
            <object_component_ref idref="oc-c2"/>
            <object_component_ref idref="oc-159"/>
            <object_component_ref idref="oc-154"/>
            <object_component_ref idref="oc-c9"/>
            <object_component_ref idref="oc-12b"/>
            <object_component_ref idref="oc-126"/>
            <object_component_ref idref="oc-bd"/>
            <object_component_ref idref="oc-36"/>
            <object_component_ref idref="oc-41"/>
            <object_component_ref idref="oc-83"/>
            <object_component_ref idref="oc-31"/>
            <object_component_ref idref="oc-ce"/>
            <object_component_ref idref="oc-7c"/>
            <object_component_ref idref="oc-16e"/>
            <object_component_ref idref="oc-182"/>
            <object_component_ref idref="oc-173"/>
            <object_component_ref idref="oc-178"/>
         </contents>
      </logical_group>
      <logical_group id="lg-1ab" display="never" color="cyan">
         <name>.debug_aranges</name>
         <load_address>0x0</load_address>
         <run_address>0x0</run_address>
         <size>0x1c8</size>
         <contents>
            <object_component_ref idref="oc-6f"/>
            <object_component_ref idref="oc-69"/>
            <object_component_ref idref="oc-a7"/>
            <object_component_ref idref="oc-ad"/>
            <object_component_ref idref="oc-1f"/>
            <object_component_ref idref="oc-19"/>
            <object_component_ref idref="oc-57"/>
            <object_component_ref idref="oc-39"/>
            <object_component_ref idref="oc-e8"/>
            <object_component_ref idref="oc-95"/>
            <object_component_ref idref="oc-df"/>
         </contents>
      </logical_group>
      <logical_group id="lg-1ad" display="never" color="cyan">
         <name>.debug_pubnames</name>
         <load_address>0x0</load_address>
         <run_address>0x0</run_address>
         <size>0x371</size>
         <contents>
            <object_component_ref idref="oc-b7"/>
            <object_component_ref idref="oc-b4"/>
            <object_component_ref idref="oc-70"/>
            <object_component_ref idref="oc-28"/>
            <object_component_ref idref="oc-6a"/>
            <object_component_ref idref="oc-11a"/>
            <object_component_ref idref="oc-a8"/>
            <object_component_ref idref="oc-af"/>
            <object_component_ref idref="oc-20"/>
            <object_component_ref idref="oc-1a"/>
            <object_component_ref idref="oc-2b"/>
            <object_component_ref idref="oc-58"/>
            <object_component_ref idref="oc-3a"/>
            <object_component_ref idref="oc-e9"/>
            <object_component_ref idref="oc-96"/>
            <object_component_ref idref="oc-de"/>
         </contents>
      </logical_group>
      <logical_group id="lg-1af" display="never" color="cyan">
         <name>.debug_pubtypes</name>
         <load_address>0x0</load_address>
         <run_address>0x0</run_address>
         <size>0xe08</size>
         <contents>
            <object_component_ref idref="oc-bf"/>
            <object_component_ref idref="oc-156"/>
            <object_component_ref idref="oc-151"/>
            <object_component_ref idref="oc-c6"/>
            <object_component_ref idref="oc-128"/>
            <object_component_ref idref="oc-123"/>
            <object_component_ref idref="oc-ba"/>
            <object_component_ref idref="oc-33"/>
            <object_component_ref idref="oc-3e"/>
            <object_component_ref idref="oc-80"/>
            <object_component_ref idref="oc-2e"/>
            <object_component_ref idref="oc-cb"/>
            <object_component_ref idref="oc-79"/>
            <object_component_ref idref="oc-16b"/>
            <object_component_ref idref="oc-17f"/>
            <object_component_ref idref="oc-170"/>
            <object_component_ref idref="oc-175"/>
         </contents>
      </logical_group>
      <logical_group id="lg-1bc" display="no" color="cyan">
         <name>Veneer$$CMSE</name>
         <run_address>0x0</run_address>
         <size>0x0</size>
         <contents>
         </contents>
      </logical_group>
      <load_segment id="lg-1c0" display="no" color="cyan">
         <name>SEGMENT_0</name>
         <load_address>0x0</load_address>
         <run_address>0x0</run_address>
         <size>0xb88</size>
         <flags>0x5</flags>
         <contents>
            <logical_group_ref idref="lg-3"/>
            <logical_group_ref idref="lg-4"/>
            <logical_group_ref idref="lg-6"/>
         </contents>
      </load_segment>
      <load_segment id="lg-1c1" display="no" color="cyan">
         <name>SEGMENT_1</name>
         <run_address>0x20000000</run_address>
         <size>0x20</size>
         <flags>0x6</flags>
         <contents>
            <logical_group_ref idref="lg-e"/>
         </contents>
      </load_segment>
      <load_segment id="lg-1c2" display="no" color="cyan">
         <name>SEGMENT_2</name>
         <run_address>0x2000fe00</run_address>
         <size>0x200</size>
         <flags>0x6</flags>
         <contents>
            <logical_group_ref idref="lg-11"/>
         </contents>
      </load_segment>
   </logical_group_list>
   <placement_map>
      <memory_area display="yes" color="green">
         <name>MAIN</name>
         <page_id>0x0</page_id>
         <origin>0x0</origin>
         <length>0x40000</length>
         <used_space>0xb84</used_space>
         <unused_space>0x3f47c</unused_space>
         <attributes>RX</attributes>
         <usage_details>
            <allocated_space>
               <start_address>0x0</start_address>
               <size>0x0</size>
               <logical_group_ref idref="lg-9"/>
            </allocated_space>
            <allocated_space>
               <start_address>0x0</start_address>
               <size>0xe4</size>
               <logical_group_ref idref="lg-3"/>
            </allocated_space>
            <allocated_space>
               <start_address>0xe4</start_address>
               <size>0xa70</size>
               <logical_group_ref idref="lg-4"/>
            </allocated_space>
            <available_space>
               <start_address>0xb54</start_address>
               <size>0x4</size>
            </available_space>
            <allocated_space>
               <start_address>0xb58</start_address>
               <size>0x30</size>
               <logical_group_ref idref="lg-6"/>
            </allocated_space>
            <available_space>
               <start_address>0xb88</start_address>
               <size>0x3f478</size>
            </available_space>
         </usage_details>
      </memory_area>
      <memory_area display="yes" color="green">
         <name>INFO</name>
         <page_id>0x0</page_id>
         <origin>0x200000</origin>
         <length>0x4000</length>
         <used_space>0x0</used_space>
         <unused_space>0x4000</unused_space>
         <attributes>RX</attributes>
         <usage_details>
         </usage_details>
      </memory_area>
      <memory_area display="yes" color="green">
         <name>SRAM_CODE</name>
         <page_id>0x0</page_id>
         <origin>0x1000000</origin>
         <length>0x10000</length>
         <used_space>0x220</used_space>
         <unused_space>0xfde0</unused_space>
         <attributes>RWX</attributes>
         <usage_details>
            <allocated_space>
               <start_address>0x1000000</start_address>
               <size>0x0</size>
               <logical_group_ref idref="lg-18c"/>
            </allocated_space>
            <allocated_space>
               <start_address>0x1000000</start_address>
               <size>0x20</size>
               <logical_group_ref idref="lg-e"/>
            </allocated_space>
            <available_space>
               <start_address>0x1000020</start_address>
               <size>0xfde0</size>
            </available_space>
            <allocated_space>
               <start_address>0x100fe00</start_address>
               <size>0x200</size>
               <logical_group_ref idref="lg-11"/>
            </allocated_space>
         </usage_details>
      </memory_area>
      <memory_area display="yes" color="green">
         <name>SRAM_DATA</name>
         <page_id>0x0</page_id>
         <origin>0x20000000</origin>
         <length>0x10000</length>
         <used_space>0x220</used_space>
         <unused_space>0xfde0</unused_space>
         <attributes>RW</attributes>
         <usage_details>
            <allocated_space>
               <start_address>0x20000000</start_address>
               <size>0x0</size>
               <logical_group_ref idref="lg-18c"/>
            </allocated_space>
            <allocated_space>
               <start_address>0x20000000</start_address>
               <size>0x20</size>
               <logical_group_ref idref="lg-e"/>
            </allocated_space>
            <available_space>
               <start_address>0x20000020</start_address>
               <size>0xfde0</size>
            </available_space>
            <allocated_space>
               <start_address>0x2000fe00</start_address>
               <size>0x200</size>
               <logical_group_ref idref="lg-11"/>
            </allocated_space>
         </usage_details>
      </memory_area>
   </placement_map>
   <cptbl_list>
      <cptbl>
         <name>__TI_cinit_table</name>
         <cprec>
            <name>.data</name>
            <load_address>0xb58</load_address>
            <load_size>0x20</load_size>
            <run_address>0x20000000</run_address>
            <run_size>0x20</run_size>
            <compression>lzss</compression>
         </cprec>
      </cptbl>
   </cptbl_list>
   <handler_table>
      <handler_table_name>__TI_handler_table</handler_table_name>
      <handler>
         <index>0x0</index>
         <name>__TI_decompress_lzss</name>
      </handler>
      <handler>
         <index>0x1</index>
         <name>__TI_decompress_none</name>
      </handler>
   </handler_table>
   <symbol_table>
      <symbol id="sm-1">
         <name>WDTCTL_SYM</name>
         <value>0x4000480c</value>
      </symbol>
      <symbol id="sm-2">
         <name>__start___llvm_prf_cnts</name>
         <value>0x20000000</value>
      </symbol>
      <symbol id="sm-3">
         <name>__stop___llvm_prf_cnts</name>
         <value>0x20000000</value>
      </symbol>
      <symbol id="sm-4">
         <name>__TI_CINIT_Base</name>
         <value>0xb80</value>
      </symbol>
      <symbol id="sm-5">
         <name>__TI_CINIT_Limit</name>
         <value>0xb88</value>
      </symbol>
      <symbol id="sm-6">
         <name>__TI_Handler_Table_Base</name>
         <value>0xb78</value>
      </symbol>
      <symbol id="sm-7">
         <name>__TI_Handler_Table_Limit</name>
         <value>0xb80</value>
      </symbol>
      <symbol id="sm-8">
         <name>binit</name>
         <value>0xffffffff</value>
      </symbol>
      <symbol id="sm-9">
         <name>__binit__</name>
         <value>0xffffffff</value>
      </symbol>
      <symbol id="sm-a">
         <name>__STACK_SIZE</name>
         <value>0x200</value>
      </symbol>
      <symbol id="sm-b">
         <name>__STACK_END</name>
         <value>0x20010000</value>
      </symbol>
      <symbol id="sm-c">
         <name>__c_args__</name>
         <value>0xffffffff</value>
      </symbol>
      <symbol id="sm-d">
         <name>__TI_pprof_out_hndl</name>
         <value>0xffffffff</value>
      </symbol>
      <symbol id="sm-e">
         <name>__TI_prof_data_start</name>
         <value>0xffffffff</value>
      </symbol>
      <symbol id="sm-f">
         <name>__TI_prof_data_size</name>
         <value>0xffffffff</value>
      </symbol>
      <symbol id="sm-c5">
         <name>init_interrupciones</name>
         <value>0xe5</value>
         <object_component_ref idref="oc-6d"/>
      </symbol>
      <symbol id="sm-c6">
         <name>PORT4_IRQHandler</name>
         <value>0x485</value>
         <object_component_ref idref="oc-6d"/>
      </symbol>
      <symbol id="sm-c7">
         <name>color_sequence</name>
         <value>0x20000000</value>
         <object_component_ref idref="oc-b5"/>
      </symbol>
      <symbol id="sm-c8">
         <name>PORT1_IRQHandler</name>
         <value>0x457</value>
         <object_component_ref idref="oc-6d"/>
      </symbol>
      <symbol id="sm-c9">
         <name>TA0_0_IRQHandler</name>
         <value>0x357</value>
         <object_component_ref idref="oc-6d"/>
      </symbol>
      <symbol id="sm-ca">
         <name>config_RGB_LEDS</name>
         <value>0x2a7</value>
         <object_component_ref idref="oc-6d"/>
      </symbol>
      <symbol id="sm-cb">
         <name>init_botons</name>
         <value>0x14b</value>
         <object_component_ref idref="oc-6d"/>
      </symbol>
      <symbol id="sm-cc">
         <name>init_joysticks</name>
         <value>0x20d</value>
         <object_component_ref idref="oc-6d"/>
      </symbol>
      <symbol id="sm-cd">
         <name>main</name>
         <value>0x331</value>
         <object_component_ref idref="oc-6d"/>
      </symbol>
      <symbol id="sm-ce">
         <name>aux_TA1</name>
         <value>0x20000015</value>
         <object_component_ref idref="oc-b2"/>
      </symbol>
      <symbol id="sm-cf">
         <name>init_timers</name>
         <value>0x2f9</value>
         <object_component_ref idref="oc-6d"/>
      </symbol>
      <symbol id="sm-d0">
         <name>PORT5_IRQHandler</name>
         <value>0x525</value>
         <object_component_ref idref="oc-6d"/>
      </symbol>
      <symbol id="sm-d1">
         <name>index_TA1</name>
         <value>0x20000016</value>
         <object_component_ref idref="oc-b2"/>
      </symbol>
      <symbol id="sm-d2">
         <name>TA1_0_IRQHandler</name>
         <value>0x3a7</value>
         <object_component_ref idref="oc-6d"/>
      </symbol>
      <symbol id="sm-d3">
         <name>pwm_duty</name>
         <value>0x20000014</value>
         <object_component_ref idref="oc-b2"/>
      </symbol>
      <symbol id="sm-ed">
         <name>Reset_Handler</name>
         <value>0xb3f</value>
         <object_component_ref idref="oc-67"/>
      </symbol>
      <symbol id="sm-ee">
         <name>Default_Handler</name>
         <value>0xb4b</value>
         <object_component_ref idref="oc-67"/>
      </symbol>
      <symbol id="sm-ef">
         <name>interruptVectors</name>
         <value>0x0</value>
         <object_component_ref idref="oc-26"/>
      </symbol>
      <symbol id="sm-137">
         <name>SystemInit</name>
         <value>0x881</value>
         <object_component_ref idref="oc-a5"/>
      </symbol>
      <symbol id="sm-138">
         <name>SystemCoreClockUpdate</name>
         <value>0x609</value>
         <object_component_ref idref="oc-a5"/>
      </symbol>
      <symbol id="sm-139">
         <name>SystemCoreClock</name>
         <value>0x2000001c</value>
         <object_component_ref idref="oc-118"/>
      </symbol>
      <symbol id="sm-14c">
         <name>init_ucs_16MHz</name>
         <value>0x9d9</value>
         <object_component_ref idref="oc-ac"/>
      </symbol>
      <symbol id="sm-14d">
         <name>init_ucs_24MHz</name>
         <value>0xa11</value>
         <object_component_ref idref="oc-ac"/>
      </symbol>
      <symbol id="sm-165">
         <name>__TI_decompress_none</name>
         <value>0xb31</value>
         <object_component_ref idref="oc-1d"/>
      </symbol>
      <symbol id="sm-188">
         <name>__TI_decompress_lzss</name>
         <value>0xa51</value>
         <object_component_ref idref="oc-17"/>
      </symbol>
      <symbol id="sm-19b">
         <name>__stack</name>
         <value>0x2000fe00</value>
         <object_component_ref idref="oc-29"/>
      </symbol>
      <symbol id="sm-19c">
         <name>_c_int00_noargs</name>
         <value>0xafd</value>
         <object_component_ref idref="oc-55"/>
      </symbol>
      <symbol id="sm-1b7">
         <name>memcpy</name>
         <value>0x93d</value>
         <object_component_ref idref="oc-37"/>
      </symbol>
      <symbol id="sm-1b8">
         <name>__aeabi_memcpy</name>
         <value>0x93d</value>
         <object_component_ref idref="oc-37"/>
      </symbol>
      <symbol id="sm-1b9">
         <name>__aeabi_memcpy8</name>
         <value>0x93d</value>
         <object_component_ref idref="oc-37"/>
      </symbol>
      <symbol id="sm-1ba">
         <name>__aeabi_memcpy4</name>
         <value>0x93d</value>
         <object_component_ref idref="oc-37"/>
      </symbol>
      <symbol id="sm-1e3">
         <name>__TI_auto_init_nobinit_nopinit</name>
         <value>0xab9</value>
         <object_component_ref idref="oc-e6"/>
      </symbol>
      <symbol id="sm-1ed">
         <name>_system_pre_init</name>
         <value>0xb4d</value>
         <object_component_ref idref="oc-93"/>
      </symbol>
      <symbol id="sm-1f9">
         <name>C$$EXIT</name>
         <value>0xb51</value>
         <object_component_ref idref="oc-da"/>
      </symbol>
      <symbol id="sm-1fa">
         <name>abort</name>
         <value>0xb51</value>
         <object_component_ref idref="oc-da"/>
      </symbol>
      <symbol id="sm-1fd">
         <name>__TI_static_base__</name>
         <value>0x0</value>
      </symbol>
      <symbol id="sm-200">
         <name>__mpu_init</name>
         <value>0x0</value>
      </symbol>
      <symbol id="sm-201">
         <name>_system_post_cinit</name>
         <value>0x0</value>
      </symbol>
      <symbol id="sm-202">
         <name>NMI_Handler</name>
         <value>0xb4b</value>
      </symbol>
      <symbol id="sm-203">
         <name>HardFault_Handler</name>
         <value>0xb4b</value>
      </symbol>
      <symbol id="sm-204">
         <name>MemManage_Handler</name>
         <value>0xb4b</value>
      </symbol>
      <symbol id="sm-205">
         <name>BusFault_Handler</name>
         <value>0xb4b</value>
      </symbol>
      <symbol id="sm-206">
         <name>UsageFault_Handler</name>
         <value>0xb4b</value>
      </symbol>
      <symbol id="sm-207">
         <name>SVC_Handler</name>
         <value>0xb4b</value>
      </symbol>
      <symbol id="sm-208">
         <name>DebugMon_Handler</name>
         <value>0xb4b</value>
      </symbol>
      <symbol id="sm-209">
         <name>PendSV_Handler</name>
         <value>0xb4b</value>
      </symbol>
      <symbol id="sm-20a">
         <name>SysTick_Handler</name>
         <value>0xb4b</value>
      </symbol>
      <symbol id="sm-20b">
         <name>PSS_IRQHandler</name>
         <value>0xb4b</value>
      </symbol>
      <symbol id="sm-20c">
         <name>CS_IRQHandler</name>
         <value>0xb4b</value>
      </symbol>
      <symbol id="sm-20d">
         <name>PCM_IRQHandler</name>
         <value>0xb4b</value>
      </symbol>
      <symbol id="sm-20e">
         <name>WDT_A_IRQHandler</name>
         <value>0xb4b</value>
      </symbol>
      <symbol id="sm-20f">
         <name>FPU_IRQHandler</name>
         <value>0xb4b</value>
      </symbol>
      <symbol id="sm-210">
         <name>FLCTL_IRQHandler</name>
         <value>0xb4b</value>
      </symbol>
      <symbol id="sm-211">
         <name>COMP_E0_IRQHandler</name>
         <value>0xb4b</value>
      </symbol>
      <symbol id="sm-212">
         <name>COMP_E1_IRQHandler</name>
         <value>0xb4b</value>
      </symbol>
      <symbol id="sm-213">
         <name>TA0_0_IRQHandler</name>
         <value>0x357</value>
      </symbol>
      <symbol id="sm-214">
         <name>TA0_N_IRQHandler</name>
         <value>0xb4b</value>
      </symbol>
      <symbol id="sm-215">
         <name>TA1_0_IRQHandler</name>
         <value>0x3a7</value>
      </symbol>
      <symbol id="sm-216">
         <name>TA1_N_IRQHandler</name>
         <value>0xb4b</value>
      </symbol>
      <symbol id="sm-217">
         <name>TA2_0_IRQHandler</name>
         <value>0xb4b</value>
      </symbol>
      <symbol id="sm-218">
         <name>TA2_N_IRQHandler</name>
         <value>0xb4b</value>
      </symbol>
      <symbol id="sm-219">
         <name>TA3_0_IRQHandler</name>
         <value>0xb4b</value>
      </symbol>
      <symbol id="sm-21a">
         <name>TA3_N_IRQHandler</name>
         <value>0xb4b</value>
      </symbol>
      <symbol id="sm-21b">
         <name>EUSCIA0_IRQHandler</name>
         <value>0xb4b</value>
      </symbol>
      <symbol id="sm-21c">
         <name>EUSCIA1_IRQHandler</name>
         <value>0xb4b</value>
      </symbol>
      <symbol id="sm-21d">
         <name>EUSCIA2_IRQHandler</name>
         <value>0xb4b</value>
      </symbol>
      <symbol id="sm-21e">
         <name>EUSCIA3_IRQHandler</name>
         <value>0xb4b</value>
      </symbol>
      <symbol id="sm-21f">
         <name>EUSCIB0_IRQHandler</name>
         <value>0xb4b</value>
      </symbol>
      <symbol id="sm-220">
         <name>EUSCIB1_IRQHandler</name>
         <value>0xb4b</value>
      </symbol>
      <symbol id="sm-221">
         <name>EUSCIB2_IRQHandler</name>
         <value>0xb4b</value>
      </symbol>
      <symbol id="sm-222">
         <name>EUSCIB3_IRQHandler</name>
         <value>0xb4b</value>
      </symbol>
      <symbol id="sm-223">
         <name>ADC14_IRQHandler</name>
         <value>0xb4b</value>
      </symbol>
      <symbol id="sm-224">
         <name>T32_INT1_IRQHandler</name>
         <value>0xb4b</value>
      </symbol>
      <symbol id="sm-225">
         <name>T32_INT2_IRQHandler</name>
         <value>0xb4b</value>
      </symbol>
      <symbol id="sm-226">
         <name>T32_INTC_IRQHandler</name>
         <value>0xb4b</value>
      </symbol>
      <symbol id="sm-227">
         <name>AES256_IRQHandler</name>
         <value>0xb4b</value>
      </symbol>
      <symbol id="sm-228">
         <name>RTC_C_IRQHandler</name>
         <value>0xb4b</value>
      </symbol>
      <symbol id="sm-229">
         <name>DMA_ERR_IRQHandler</name>
         <value>0xb4b</value>
      </symbol>
      <symbol id="sm-22a">
         <name>DMA_INT3_IRQHandler</name>
         <value>0xb4b</value>
      </symbol>
      <symbol id="sm-22b">
         <name>DMA_INT2_IRQHandler</name>
         <value>0xb4b</value>
      </symbol>
      <symbol id="sm-22c">
         <name>DMA_INT1_IRQHandler</name>
         <value>0xb4b</value>
      </symbol>
      <symbol id="sm-22d">
         <name>DMA_INT0_IRQHandler</name>
         <value>0xb4b</value>
      </symbol>
      <symbol id="sm-22e">
         <name>PORT1_IRQHandler</name>
         <value>0x457</value>
      </symbol>
      <symbol id="sm-22f">
         <name>PORT2_IRQHandler</name>
         <value>0xb4b</value>
      </symbol>
      <symbol id="sm-230">
         <name>PORT3_IRQHandler</name>
         <value>0xb4b</value>
      </symbol>
      <symbol id="sm-231">
         <name>PORT4_IRQHandler</name>
         <value>0x485</value>
      </symbol>
      <symbol id="sm-232">
         <name>PORT5_IRQHandler</name>
         <value>0x525</value>
      </symbol>
      <symbol id="sm-233">
         <name>PORT6_IRQHandler</name>
         <value>0xb4b</value>
      </symbol>
   </symbol_table>
   <title>Link successful</title>
</link_info>
