<?xml version="1.0" encoding="ISO-8859-1" ?>
<link_info>
   <banner>TI ARM Linker Unix v20.2.5.LTS</banner>
   <copyright>Copyright (c) 1996-2018 Texas Instruments Incorporated</copyright>
   <link_time>0x622ce515</link_time>
   <link_errors>0x0</link_errors>
   <output_file>Practica2.out</output_file>
   <entry_point>
      <name>_c_int00_noargs</name>
      <address>0x831</address>
   </entry_point>
   <input_file_list>
      <input_file id="fl-1">
         <path>./</path>
         <kind>object</kind>
         <file>main.obj</file>
         <name>main.obj</name>
      </input_file>
      <input_file id="fl-2">
         <path>./</path>
         <kind>object</kind>
         <file>startup_msp432p401r_ccs.obj</file>
         <name>startup_msp432p401r_ccs.obj</name>
      </input_file>
      <input_file id="fl-3">
         <path>./</path>
         <kind>object</kind>
         <file>system_msp432p401r.obj</file>
         <name>system_msp432p401r.obj</name>
      </input_file>
      <input_file id="fl-7">
         <kind>object</kind>
         <file>&lt;internal&gt;</file>
         <name>&lt;internal&gt;</name>
      </input_file>
      <input_file id="fl-bd">
         <path>/Applications/ti/ccs1040/ccs/tools/compiler/ti-cgt-arm_20.2.5.LTS/lib/</path>
         <kind>archive</kind>
         <file>rtsv7M4_T_le_v4SPD16_eabi.lib</file>
         <name>copy_zero_init.c.obj</name>
      </input_file>
      <input_file id="fl-be">
         <path>/Applications/ti/ccs1040/ccs/tools/compiler/ti-cgt-arm_20.2.5.LTS/lib/</path>
         <kind>archive</kind>
         <file>rtsv7M4_T_le_v4SPD16_eabi.lib</file>
         <name>copy_decompress_none.c.obj</name>
      </input_file>
      <input_file id="fl-bf">
         <path>/Applications/ti/ccs1040/ccs/tools/compiler/ti-cgt-arm_20.2.5.LTS/lib/</path>
         <kind>archive</kind>
         <file>rtsv7M4_T_le_v4SPD16_eabi.lib</file>
         <name>copy_decompress_lzss.c.obj</name>
      </input_file>
      <input_file id="fl-c0">
         <path>/Applications/ti/ccs1040/ccs/tools/compiler/ti-cgt-arm_20.2.5.LTS/lib/</path>
         <kind>archive</kind>
         <file>rtsv7M4_T_le_v4SPD16_eabi.lib</file>
         <name>boot_cortex_m.c.obj</name>
      </input_file>
      <input_file id="fl-c1">
         <path>/Applications/ti/ccs1040/ccs/tools/compiler/ti-cgt-arm_20.2.5.LTS/lib/</path>
         <kind>archive</kind>
         <file>rtsv7M4_T_le_v4SPD16_eabi.lib</file>
         <name>memcpy_t2.asm.obj</name>
      </input_file>
      <input_file id="fl-c2">
         <path>/Applications/ti/ccs1040/ccs/tools/compiler/ti-cgt-arm_20.2.5.LTS/lib/</path>
         <kind>archive</kind>
         <file>rtsv7M4_T_le_v4SPD16_eabi.lib</file>
         <name>memset_t2.asm.obj</name>
      </input_file>
      <input_file id="fl-c3">
         <path>/Applications/ti/ccs1040/ccs/tools/compiler/ti-cgt-arm_20.2.5.LTS/lib/</path>
         <kind>archive</kind>
         <file>rtsv7M4_T_le_v4SPD16_eabi.lib</file>
         <name>autoinit.c.obj</name>
      </input_file>
      <input_file id="fl-c4">
         <path>/Applications/ti/ccs1040/ccs/tools/compiler/ti-cgt-arm_20.2.5.LTS/lib/</path>
         <kind>archive</kind>
         <file>rtsv7M4_T_le_v4SPD16_eabi.lib</file>
         <name>pre_init.c.obj</name>
      </input_file>
      <input_file id="fl-c5">
         <path>/Applications/ti/ccs1040/ccs/tools/compiler/ti-cgt-arm_20.2.5.LTS/lib/</path>
         <kind>archive</kind>
         <file>rtsv7M4_T_le_v4SPD16_eabi.lib</file>
         <name>cpy_tbl.c.obj</name>
      </input_file>
      <input_file id="fl-c6">
         <path>/Applications/ti/ccs1040/ccs/tools/compiler/ti-cgt-arm_20.2.5.LTS/lib/</path>
         <kind>archive</kind>
         <file>rtsv7M4_T_le_v4SPD16_eabi.lib</file>
         <name>exit.c.obj</name>
      </input_file>
      <input_file id="fl-c7">
         <path>/Applications/ti/ccs1040/ccs/tools/compiler/ti-cgt-arm_20.2.5.LTS/lib/</path>
         <kind>archive</kind>
         <file>rtsv7M4_T_le_v4SPD16_eabi.lib</file>
         <name>_lock.c.obj</name>
      </input_file>
      <input_file id="fl-c8">
         <path>/Applications/ti/ccs1040/ccs/tools/compiler/ti-cgt-arm_20.2.5.LTS/lib/</path>
         <kind>archive</kind>
         <file>rtsv7M4_T_le_v4SPD16_eabi.lib</file>
         <name>args_main.c.obj</name>
      </input_file>
   </input_file_list>
   <object_component_list>
      <object_component id="oc-26">
         <name>.intvecs:retain</name>
         <load_address>0x0</load_address>
         <run_address>0x0</run_address>
         <size>0xe4</size>
         <input_file_ref idref="fl-2"/>
      </object_component>
      <object_component id="oc-a5">
         <name>.text</name>
         <load_address>0xe4</load_address>
         <run_address>0xe4</run_address>
         <size>0x334</size>
         <input_file_ref idref="fl-3"/>
      </object_component>
      <object_component id="oc-6d">
         <name>.text</name>
         <load_address>0x418</load_address>
         <run_address>0x418</run_address>
         <size>0x2d0</size>
         <input_file_ref idref="fl-1"/>
      </object_component>
      <object_component id="oc-37">
         <name>.text</name>
         <load_address>0x6e8</load_address>
         <run_address>0x6e8</run_address>
         <size>0x9c</size>
         <input_file_ref idref="fl-c1"/>
      </object_component>
      <object_component id="oc-17">
         <name>.text:decompress:lzss:__TI_decompress_lzss</name>
         <load_address>0x784</load_address>
         <run_address>0x784</run_address>
         <size>0x68</size>
         <input_file_ref idref="fl-bf"/>
      </object_component>
      <object_component id="oc-df">
         <name>.text:__TI_auto_init_nobinit_nopinit:__TI_auto_init_nobinit_nopinit</name>
         <load_address>0x7ec</load_address>
         <run_address>0x7ec</run_address>
         <size>0x44</size>
         <input_file_ref idref="fl-c3"/>
      </object_component>
      <object_component id="oc-55">
         <name>.text:_c_int00_noargs:_c_int00_noargs</name>
         <load_address>0x830</load_address>
         <run_address>0x830</run_address>
         <size>0x34</size>
         <input_file_ref idref="fl-c0"/>
      </object_component>
      <object_component id="oc-43">
         <name>.text:decompress:ZI:__TI_zero_init_nomemset:__TI_zero_init_nomemset</name>
         <load_address>0x864</load_address>
         <run_address>0x864</run_address>
         <size>0x1c</size>
         <input_file_ref idref="fl-bd"/>
      </object_component>
      <object_component id="oc-1d">
         <name>.text:decompress:none:__TI_decompress_none</name>
         <load_address>0x880</load_address>
         <run_address>0x880</run_address>
         <size>0xe</size>
         <input_file_ref idref="fl-be"/>
      </object_component>
      <object_component id="oc-67">
         <name>.text</name>
         <load_address>0x88e</load_address>
         <run_address>0x88e</run_address>
         <size>0xe</size>
         <input_file_ref idref="fl-2"/>
      </object_component>
      <object_component id="oc-93">
         <name>.text:_system_pre_init</name>
         <load_address>0x89c</load_address>
         <run_address>0x89c</run_address>
         <size>0x4</size>
         <input_file_ref idref="fl-c4"/>
      </object_component>
      <object_component id="oc-d3">
         <name>.text:abort:abort</name>
         <load_address>0x8a0</load_address>
         <run_address>0x8a0</run_address>
         <size>0x4</size>
         <input_file_ref idref="fl-c6"/>
      </object_component>
      <object_component id="oc-1a9">
         <name>__TI_handler_table</name>
         <load_address>0x8a8</load_address>
         <run_address>0x8a8</run_address>
         <size>0xc</size>
      </object_component>
      <object_component id="oc-1ab">
         <name>.cinit..data.load</name>
         <load_address>0x8b4</load_address>
         <run_address>0x8b4</run_address>
         <size>0xa</size>
      </object_component>
      <object_component id="oc-1ac">
         <name>.cinit..bss.load</name>
         <load_address>0x8c0</load_address>
         <run_address>0x8c0</run_address>
         <size>0x8</size>
      </object_component>
      <object_component id="oc-1aa">
         <name>__TI_cinit_table</name>
         <load_address>0x8c8</load_address>
         <run_address>0x8c8</run_address>
         <size>0x10</size>
      </object_component>
      <object_component id="oc-17d">
         <name>.binit</name>
         <load_address>0x0</load_address>
         <run_address>0x0</run_address>
         <size>0x0</size>
      </object_component>
      <object_component id="oc-ad">
         <name>.data</name>
         <load_address>0x20000004</load_address>
         <run_address>0x20000004</run_address>
         <size>0x2</size>
         <input_file_ref idref="fl-1"/>
      </object_component>
      <object_component id="oc-111">
         <name>.data</name>
         <load_address>0x20000000</load_address>
         <run_address>0x20000000</run_address>
         <size>0x4</size>
         <input_file_ref idref="fl-3"/>
      </object_component>
      <object_component id="oc-ac">
         <name>.bss</name>
         <uninitialized>true</uninitialized>
         <run_address>0x20000006</run_address>
         <size>0x5</size>
         <input_file_ref idref="fl-1"/>
      </object_component>
      <object_component id="oc-29">
         <name>.stack</name>
         <uninitialized>true</uninitialized>
         <run_address>0x2000fe00</run_address>
         <size>0x4</size>
         <input_file_ref idref="fl-c0"/>
      </object_component>
      <object_component id="oc-1ae">
         <name>.stack</name>
         <uninitialized>true</uninitialized>
         <run_address>0x2000fe00</run_address>
         <size>0x0</size>
      </object_component>
      <object_component id="oc-b6">
         <name>.debug_info</name>
         <load_address>0x0</load_address>
         <run_address>0x0</run_address>
         <size>0x52a</size>
         <input_file_ref idref="fl-1"/>
      </object_component>
      <object_component id="oc-ae">
         <name>.debug_info</name>
         <load_address>0x52a</load_address>
         <run_address>0x52a</run_address>
         <size>0xe9</size>
         <input_file_ref idref="fl-1"/>
      </object_component>
      <object_component id="oc-6e">
         <name>.debug_info</name>
         <load_address>0x613</load_address>
         <run_address>0x613</run_address>
         <size>0x3c0</size>
         <input_file_ref idref="fl-1"/>
      </object_component>
      <object_component id="oc-123">
         <name>.debug_info</name>
         <load_address>0x9d3</load_address>
         <run_address>0x9d3</run_address>
         <size>0x1055</size>
         <input_file_ref idref="fl-1"/>
      </object_component>
      <object_component id="oc-be">
         <name>.debug_info</name>
         <load_address>0x1a28</load_address>
         <run_address>0x1a28</run_address>
         <size>0x26b</size>
         <input_file_ref idref="fl-1"/>
      </object_component>
      <object_component id="oc-11e">
         <name>.debug_info</name>
         <load_address>0x1c93</load_address>
         <run_address>0x1c93</run_address>
         <size>0x37e2</size>
         <input_file_ref idref="fl-1"/>
      </object_component>
      <object_component id="oc-b7">
         <name>.debug_info</name>
         <load_address>0x5475</load_address>
         <run_address>0x5475</run_address>
         <size>0x8b</size>
         <input_file_ref idref="fl-1"/>
      </object_component>
      <object_component id="oc-117">
         <name>.debug_info</name>
         <load_address>0x5500</load_address>
         <run_address>0x5500</run_address>
         <size>0x2a4</size>
         <input_file_ref idref="fl-1"/>
      </object_component>
      <object_component id="oc-b1">
         <name>.debug_info</name>
         <load_address>0x57a4</load_address>
         <run_address>0x57a4</run_address>
         <size>0xbb</size>
         <input_file_ref idref="fl-1"/>
      </object_component>
      <object_component id="oc-75">
         <name>.debug_info</name>
         <load_address>0x585f</load_address>
         <run_address>0x585f</run_address>
         <size>0x2c4</size>
         <input_file_ref idref="fl-2"/>
      </object_component>
      <object_component id="oc-27">
         <name>.debug_info</name>
         <load_address>0x5b23</load_address>
         <run_address>0x5b23</run_address>
         <size>0xf0</size>
         <input_file_ref idref="fl-2"/>
      </object_component>
      <object_component id="oc-6a">
         <name>.debug_info</name>
         <load_address>0x5c13</load_address>
         <run_address>0x5c13</run_address>
         <size>0x1b7</size>
         <input_file_ref idref="fl-2"/>
      </object_component>
      <object_component id="oc-32">
         <name>.debug_info</name>
         <load_address>0x5dca</load_address>
         <run_address>0x5dca</run_address>
         <size>0x84</size>
         <input_file_ref idref="fl-2"/>
      </object_component>
      <object_component id="oc-112">
         <name>.debug_info</name>
         <load_address>0x5e4e</load_address>
         <run_address>0x5e4e</run_address>
         <size>0xe9</size>
         <input_file_ref idref="fl-3"/>
      </object_component>
      <object_component id="oc-a6">
         <name>.debug_info</name>
         <load_address>0x5f37</load_address>
         <run_address>0x5f37</run_address>
         <size>0x25b</size>
         <input_file_ref idref="fl-3"/>
      </object_component>
      <object_component id="oc-8c">
         <name>.debug_info</name>
         <load_address>0x6192</load_address>
         <run_address>0x6192</run_address>
         <size>0x2d4</size>
         <input_file_ref idref="fl-bd"/>
      </object_component>
      <object_component id="oc-44">
         <name>.debug_info</name>
         <load_address>0x6466</load_address>
         <run_address>0x6466</run_address>
         <size>0x1d2</size>
         <input_file_ref idref="fl-bd"/>
      </object_component>
      <object_component id="oc-87">
         <name>.debug_info</name>
         <load_address>0x6638</load_address>
         <run_address>0x6638</run_address>
         <size>0x46</size>
         <input_file_ref idref="fl-bd"/>
      </object_component>
      <object_component id="oc-ca">
         <name>.debug_info</name>
         <load_address>0x667e</load_address>
         <run_address>0x667e</run_address>
         <size>0x2c</size>
         <input_file_ref idref="fl-bd"/>
      </object_component>
      <object_component id="oc-42">
         <name>.debug_info</name>
         <load_address>0x66aa</load_address>
         <run_address>0x66aa</run_address>
         <size>0x2a8</size>
         <input_file_ref idref="fl-be"/>
      </object_component>
      <object_component id="oc-1e">
         <name>.debug_info</name>
         <load_address>0x6952</load_address>
         <run_address>0x6952</run_address>
         <size>0x1ea</size>
         <input_file_ref idref="fl-be"/>
      </object_component>
      <object_component id="oc-3d">
         <name>.debug_info</name>
         <load_address>0x6b3c</load_address>
         <run_address>0x6b3c</run_address>
         <size>0x46</size>
         <input_file_ref idref="fl-be"/>
      </object_component>
      <object_component id="oc-7f">
         <name>.debug_info</name>
         <load_address>0x6b82</load_address>
         <run_address>0x6b82</run_address>
         <size>0x2c</size>
         <input_file_ref idref="fl-be"/>
      </object_component>
      <object_component id="oc-7d">
         <name>.debug_info</name>
         <load_address>0x6bae</load_address>
         <run_address>0x6bae</run_address>
         <size>0x29e</size>
         <input_file_ref idref="fl-bf"/>
      </object_component>
      <object_component id="oc-1b">
         <name>.debug_info</name>
         <load_address>0x6e4c</load_address>
         <run_address>0x6e4c</run_address>
         <size>0x250</size>
         <input_file_ref idref="fl-bf"/>
      </object_component>
      <object_component id="oc-2d">
         <name>.debug_info</name>
         <load_address>0x709c</load_address>
         <run_address>0x709c</run_address>
         <size>0x60</size>
         <input_file_ref idref="fl-bf"/>
      </object_component>
      <object_component id="oc-c3">
         <name>.debug_info</name>
         <load_address>0x70fc</load_address>
         <run_address>0x70fc</run_address>
         <size>0x46</size>
         <input_file_ref idref="fl-bf"/>
      </object_component>
      <object_component id="oc-78">
         <name>.debug_info</name>
         <load_address>0x7142</load_address>
         <run_address>0x7142</run_address>
         <size>0x39</size>
         <input_file_ref idref="fl-bf"/>
      </object_component>
      <object_component id="oc-2a">
         <name>.debug_info</name>
         <load_address>0x717b</load_address>
         <run_address>0x717b</run_address>
         <size>0x10b</size>
         <input_file_ref idref="fl-c0"/>
      </object_component>
      <object_component id="oc-59">
         <name>.debug_info</name>
         <load_address>0x7286</load_address>
         <run_address>0x7286</run_address>
         <size>0x1a9</size>
         <input_file_ref idref="fl-c0"/>
      </object_component>
      <object_component id="oc-3a">
         <name>.debug_info</name>
         <load_address>0x742f</load_address>
         <run_address>0x742f</run_address>
         <size>0x119</size>
         <input_file_ref idref="fl-c1"/>
      </object_component>
      <object_component id="oc-133">
         <name>.debug_info</name>
         <load_address>0x7548</load_address>
         <run_address>0x7548</run_address>
         <size>0x4b3</size>
         <input_file_ref idref="fl-c3"/>
      </object_component>
      <object_component id="oc-e3">
         <name>.debug_info</name>
         <load_address>0x79fb</load_address>
         <run_address>0x79fb</run_address>
         <size>0x1a6</size>
         <input_file_ref idref="fl-c3"/>
      </object_component>
      <object_component id="oc-15a">
         <name>.debug_info</name>
         <load_address>0x7ba1</load_address>
         <run_address>0x7ba1</run_address>
         <size>0x39</size>
         <input_file_ref idref="fl-c3"/>
      </object_component>
      <object_component id="oc-16e">
         <name>.debug_info</name>
         <load_address>0x7bda</load_address>
         <run_address>0x7bda</run_address>
         <size>0x39</size>
         <input_file_ref idref="fl-c3"/>
      </object_component>
      <object_component id="oc-15f">
         <name>.debug_info</name>
         <load_address>0x7c13</load_address>
         <run_address>0x7c13</run_address>
         <size>0x39</size>
         <input_file_ref idref="fl-c3"/>
      </object_component>
      <object_component id="oc-164">
         <name>.debug_info</name>
         <load_address>0x7c4c</load_address>
         <run_address>0x7c4c</run_address>
         <size>0xcd</size>
         <input_file_ref idref="fl-c3"/>
      </object_component>
      <object_component id="oc-95">
         <name>.debug_info</name>
         <load_address>0x7d19</load_address>
         <run_address>0x7d19</run_address>
         <size>0x153</size>
         <input_file_ref idref="fl-c4"/>
      </object_component>
      <object_component id="oc-d4">
         <name>.debug_info</name>
         <load_address>0x7e6c</load_address>
         <run_address>0x7e6c</run_address>
         <size>0x122</size>
         <input_file_ref idref="fl-c6"/>
      </object_component>
      <object_component id="oc-1af">
         <name>.debug_info</name>
         <load_address>0x7f8e</load_address>
         <run_address>0x7f8e</run_address>
         <size>0x9c</size>
      </object_component>
      <object_component id="oc-11d">
         <name>.debug_line</name>
         <load_address>0x0</load_address>
         <run_address>0x0</run_address>
         <size>0x20</size>
         <input_file_ref idref="fl-1"/>
      </object_component>
      <object_component id="oc-116">
         <name>.debug_line</name>
         <load_address>0x20</load_address>
         <run_address>0x20</run_address>
         <size>0x2d</size>
         <input_file_ref idref="fl-1"/>
      </object_component>
      <object_component id="oc-71">
         <name>.debug_line</name>
         <load_address>0x4d</load_address>
         <run_address>0x4d</run_address>
         <size>0x1aa</size>
         <input_file_ref idref="fl-1"/>
      </object_component>
      <object_component id="oc-126">
         <name>.debug_line</name>
         <load_address>0x1f7</load_address>
         <run_address>0x1f7</run_address>
         <size>0x66</size>
         <input_file_ref idref="fl-1"/>
      </object_component>
      <object_component id="oc-c1">
         <name>.debug_line</name>
         <load_address>0x25d</load_address>
         <run_address>0x25d</run_address>
         <size>0x7a</size>
         <input_file_ref idref="fl-1"/>
      </object_component>
      <object_component id="oc-121">
         <name>.debug_line</name>
         <load_address>0x2d7</load_address>
         <run_address>0x2d7</run_address>
         <size>0x63</size>
         <input_file_ref idref="fl-1"/>
      </object_component>
      <object_component id="oc-ba">
         <name>.debug_line</name>
         <load_address>0x33a</load_address>
         <run_address>0x33a</run_address>
         <size>0x20</size>
         <input_file_ref idref="fl-1"/>
      </object_component>
      <object_component id="oc-11a">
         <name>.debug_line</name>
         <load_address>0x35a</load_address>
         <run_address>0x35a</run_address>
         <size>0x7e</size>
         <input_file_ref idref="fl-1"/>
      </object_component>
      <object_component id="oc-b4">
         <name>.debug_line</name>
         <load_address>0x3d8</load_address>
         <run_address>0x3d8</run_address>
         <size>0x7b</size>
         <input_file_ref idref="fl-1"/>
      </object_component>
      <object_component id="oc-bd">
         <name>.debug_line</name>
         <load_address>0x453</load_address>
         <run_address>0x453</run_address>
         <size>0x40</size>
         <input_file_ref idref="fl-2"/>
      </object_component>
      <object_component id="oc-74">
         <name>.debug_line</name>
         <load_address>0x493</load_address>
         <run_address>0x493</run_address>
         <size>0x40</size>
         <input_file_ref idref="fl-2"/>
      </object_component>
      <object_component id="oc-6c">
         <name>.debug_line</name>
         <load_address>0x4d3</load_address>
         <run_address>0x4d3</run_address>
         <size>0x71</size>
         <input_file_ref idref="fl-2"/>
      </object_component>
      <object_component id="oc-35">
         <name>.debug_line</name>
         <load_address>0x544</load_address>
         <run_address>0x544</run_address>
         <size>0x20</size>
         <input_file_ref idref="fl-2"/>
      </object_component>
      <object_component id="oc-149">
         <name>.debug_line</name>
         <load_address>0x564</load_address>
         <run_address>0x564</run_address>
         <size>0x3b</size>
         <input_file_ref idref="fl-3"/>
      </object_component>
      <object_component id="oc-a9">
         <name>.debug_line</name>
         <load_address>0x59f</load_address>
         <run_address>0x59f</run_address>
         <size>0x134</size>
         <input_file_ref idref="fl-3"/>
      </object_component>
      <object_component id="oc-d0">
         <name>.debug_line</name>
         <load_address>0x6d3</load_address>
         <run_address>0x6d3</run_address>
         <size>0x92</size>
         <input_file_ref idref="fl-bd"/>
      </object_component>
      <object_component id="oc-47">
         <name>.debug_line</name>
         <load_address>0x765</load_address>
         <run_address>0x765</run_address>
         <size>0x56</size>
         <input_file_ref idref="fl-bd"/>
      </object_component>
      <object_component id="oc-8a">
         <name>.debug_line</name>
         <load_address>0x7bb</load_address>
         <run_address>0x7bb</run_address>
         <size>0x34</size>
         <input_file_ref idref="fl-bd"/>
      </object_component>
      <object_component id="oc-cd">
         <name>.debug_line</name>
         <load_address>0x7ef</load_address>
         <run_address>0x7ef</run_address>
         <size>0x92</size>
         <input_file_ref idref="fl-bd"/>
      </object_component>
      <object_component id="oc-85">
         <name>.debug_line</name>
         <load_address>0x881</load_address>
         <run_address>0x881</run_address>
         <size>0x20</size>
         <input_file_ref idref="fl-be"/>
      </object_component>
      <object_component id="oc-21">
         <name>.debug_line</name>
         <load_address>0x8a1</load_address>
         <run_address>0x8a1</run_address>
         <size>0x55</size>
         <input_file_ref idref="fl-be"/>
      </object_component>
      <object_component id="oc-40">
         <name>.debug_line</name>
         <load_address>0x8f6</load_address>
         <run_address>0x8f6</run_address>
         <size>0x3a</size>
         <input_file_ref idref="fl-be"/>
      </object_component>
      <object_component id="oc-82">
         <name>.debug_line</name>
         <load_address>0x930</load_address>
         <run_address>0x930</run_address>
         <size>0x92</size>
         <input_file_ref idref="fl-be"/>
      </object_component>
      <object_component id="oc-c9">
         <name>.debug_line</name>
         <load_address>0x9c2</load_address>
         <run_address>0x9c2</run_address>
         <size>0x20</size>
         <input_file_ref idref="fl-bf"/>
      </object_component>
      <object_component id="oc-1a">
         <name>.debug_line</name>
         <load_address>0x9e2</load_address>
         <run_address>0x9e2</run_address>
         <size>0xa9</size>
         <input_file_ref idref="fl-bf"/>
      </object_component>
      <object_component id="oc-30">
         <name>.debug_line</name>
         <load_address>0xa8b</load_address>
         <run_address>0xa8b</run_address>
         <size>0x3a</size>
         <input_file_ref idref="fl-bf"/>
      </object_component>
      <object_component id="oc-c6">
         <name>.debug_line</name>
         <load_address>0xac5</load_address>
         <run_address>0xac5</run_address>
         <size>0x9a</size>
         <input_file_ref idref="fl-bf"/>
      </object_component>
      <object_component id="oc-7b">
         <name>.debug_line</name>
         <load_address>0xb5f</load_address>
         <run_address>0xb5f</run_address>
         <size>0x96</size>
         <input_file_ref idref="fl-bf"/>
      </object_component>
      <object_component id="oc-77">
         <name>.debug_line</name>
         <load_address>0xbf5</load_address>
         <run_address>0xbf5</run_address>
         <size>0x33</size>
         <input_file_ref idref="fl-c0"/>
      </object_component>
      <object_component id="oc-58">
         <name>.debug_line</name>
         <load_address>0xc28</load_address>
         <run_address>0xc28</run_address>
         <size>0x45</size>
         <input_file_ref idref="fl-c0"/>
      </object_component>
      <object_component id="oc-39">
         <name>.debug_line</name>
         <load_address>0xc6d</load_address>
         <run_address>0xc6d</run_address>
         <size>0x88</size>
         <input_file_ref idref="fl-c1"/>
      </object_component>
      <object_component id="oc-159">
         <name>.debug_line</name>
         <load_address>0xcf5</load_address>
         <run_address>0xcf5</run_address>
         <size>0xbf</size>
         <input_file_ref idref="fl-c3"/>
      </object_component>
      <object_component id="oc-e0">
         <name>.debug_line</name>
         <load_address>0xdb4</load_address>
         <run_address>0xdb4</run_address>
         <size>0x6f</size>
         <input_file_ref idref="fl-c3"/>
      </object_component>
      <object_component id="oc-15d">
         <name>.debug_line</name>
         <load_address>0xe23</load_address>
         <run_address>0xe23</run_address>
         <size>0x2e</size>
         <input_file_ref idref="fl-c3"/>
      </object_component>
      <object_component id="oc-171">
         <name>.debug_line</name>
         <load_address>0xe51</load_address>
         <run_address>0xe51</run_address>
         <size>0x9a</size>
         <input_file_ref idref="fl-c3"/>
      </object_component>
      <object_component id="oc-162">
         <name>.debug_line</name>
         <load_address>0xeeb</load_address>
         <run_address>0xeeb</run_address>
         <size>0x97</size>
         <input_file_ref idref="fl-c3"/>
      </object_component>
      <object_component id="oc-167">
         <name>.debug_line</name>
         <load_address>0xf82</load_address>
         <run_address>0xf82</run_address>
         <size>0x93</size>
         <input_file_ref idref="fl-c3"/>
      </object_component>
      <object_component id="oc-97">
         <name>.debug_line</name>
         <load_address>0x1015</load_address>
         <run_address>0x1015</run_address>
         <size>0x40</size>
         <input_file_ref idref="fl-c4"/>
      </object_component>
      <object_component id="oc-d7">
         <name>.debug_line</name>
         <load_address>0x1055</load_address>
         <run_address>0x1055</run_address>
         <size>0x3c</size>
         <input_file_ref idref="fl-c6"/>
      </object_component>
      <object_component id="oc-72">
         <name>.debug_frame</name>
         <load_address>0x0</load_address>
         <run_address>0x0</run_address>
         <size>0xc8</size>
         <input_file_ref idref="fl-1"/>
      </object_component>
      <object_component id="oc-68">
         <name>.debug_frame</name>
         <load_address>0xc8</load_address>
         <run_address>0xc8</run_address>
         <size>0x6c</size>
         <input_file_ref idref="fl-2"/>
      </object_component>
      <object_component id="oc-aa">
         <name>.debug_frame</name>
         <load_address>0x134</load_address>
         <run_address>0x134</run_address>
         <size>0x70</size>
         <input_file_ref idref="fl-3"/>
      </object_component>
      <object_component id="oc-48">
         <name>.debug_frame</name>
         <load_address>0x1a4</load_address>
         <run_address>0x1a4</run_address>
         <size>0x54</size>
         <input_file_ref idref="fl-bd"/>
      </object_component>
      <object_component id="oc-22">
         <name>.debug_frame</name>
         <load_address>0x1f8</load_address>
         <run_address>0x1f8</run_address>
         <size>0x54</size>
         <input_file_ref idref="fl-be"/>
      </object_component>
      <object_component id="oc-19">
         <name>.debug_frame</name>
         <load_address>0x24c</load_address>
         <run_address>0x24c</run_address>
         <size>0x60</size>
         <input_file_ref idref="fl-bf"/>
      </object_component>
      <object_component id="oc-57">
         <name>.debug_frame</name>
         <load_address>0x2ac</load_address>
         <run_address>0x2ac</run_address>
         <size>0x50</size>
         <input_file_ref idref="fl-c0"/>
      </object_component>
      <object_component id="oc-e1">
         <name>.debug_frame</name>
         <load_address>0x2fc</load_address>
         <run_address>0x2fc</run_address>
         <size>0x5c</size>
         <input_file_ref idref="fl-c3"/>
      </object_component>
      <object_component id="oc-98">
         <name>.debug_frame</name>
         <load_address>0x358</load_address>
         <run_address>0x358</run_address>
         <size>0x54</size>
         <input_file_ref idref="fl-c4"/>
      </object_component>
      <object_component id="oc-d8">
         <name>.debug_frame</name>
         <load_address>0x3ac</load_address>
         <run_address>0x3ac</run_address>
         <size>0x54</size>
         <input_file_ref idref="fl-c6"/>
      </object_component>
      <object_component id="oc-11c">
         <name>.debug_abbrev</name>
         <load_address>0x0</load_address>
         <run_address>0x0</run_address>
         <size>0x71</size>
         <input_file_ref idref="fl-1"/>
      </object_component>
      <object_component id="oc-115">
         <name>.debug_abbrev</name>
         <load_address>0x71</load_address>
         <run_address>0x71</run_address>
         <size>0x3d</size>
         <input_file_ref idref="fl-1"/>
      </object_component>
      <object_component id="oc-b0">
         <name>.debug_abbrev</name>
         <load_address>0xae</load_address>
         <run_address>0xae</run_address>
         <size>0xd4</size>
         <input_file_ref idref="fl-1"/>
      </object_component>
      <object_component id="oc-125">
         <name>.debug_abbrev</name>
         <load_address>0x182</load_address>
         <run_address>0x182</run_address>
         <size>0x97</size>
         <input_file_ref idref="fl-1"/>
      </object_component>
      <object_component id="oc-c0">
         <name>.debug_abbrev</name>
         <load_address>0x219</load_address>
         <run_address>0x219</run_address>
         <size>0x69</size>
         <input_file_ref idref="fl-1"/>
      </object_component>
      <object_component id="oc-120">
         <name>.debug_abbrev</name>
         <load_address>0x282</load_address>
         <run_address>0x282</run_address>
         <size>0xbd</size>
         <input_file_ref idref="fl-1"/>
      </object_component>
      <object_component id="oc-b9">
         <name>.debug_abbrev</name>
         <load_address>0x33f</load_address>
         <run_address>0x33f</run_address>
         <size>0x1f</size>
         <input_file_ref idref="fl-1"/>
      </object_component>
      <object_component id="oc-119">
         <name>.debug_abbrev</name>
         <load_address>0x35e</load_address>
         <run_address>0x35e</run_address>
         <size>0x5c</size>
         <input_file_ref idref="fl-1"/>
      </object_component>
      <object_component id="oc-b3">
         <name>.debug_abbrev</name>
         <load_address>0x3ba</load_address>
         <run_address>0x3ba</run_address>
         <size>0x24</size>
         <input_file_ref idref="fl-1"/>
      </object_component>
      <object_component id="oc-bc">
         <name>.debug_abbrev</name>
         <load_address>0x3de</load_address>
         <run_address>0x3de</run_address>
         <size>0x7c</size>
         <input_file_ref idref="fl-2"/>
      </object_component>
      <object_component id="oc-73">
         <name>.debug_abbrev</name>
         <load_address>0x45a</load_address>
         <run_address>0x45a</run_address>
         <size>0x29</size>
         <input_file_ref idref="fl-2"/>
      </object_component>
      <object_component id="oc-ab">
         <name>.debug_abbrev</name>
         <load_address>0x483</load_address>
         <run_address>0x483</run_address>
         <size>0x89</size>
         <input_file_ref idref="fl-2"/>
      </object_component>
      <object_component id="oc-34">
         <name>.debug_abbrev</name>
         <load_address>0x50c</load_address>
         <run_address>0x50c</run_address>
         <size>0x1f</size>
         <input_file_ref idref="fl-2"/>
      </object_component>
      <object_component id="oc-148">
         <name>.debug_abbrev</name>
         <load_address>0x52b</load_address>
         <run_address>0x52b</run_address>
         <size>0x29</size>
         <input_file_ref idref="fl-3"/>
      </object_component>
      <object_component id="oc-114">
         <name>.debug_abbrev</name>
         <load_address>0x554</load_address>
         <run_address>0x554</run_address>
         <size>0x8b</size>
         <input_file_ref idref="fl-3"/>
      </object_component>
      <object_component id="oc-cf">
         <name>.debug_abbrev</name>
         <load_address>0x5df</load_address>
         <run_address>0x5df</run_address>
         <size>0x5d</size>
         <input_file_ref idref="fl-bd"/>
      </object_component>
      <object_component id="oc-86">
         <name>.debug_abbrev</name>
         <load_address>0x63c</load_address>
         <run_address>0x63c</run_address>
         <size>0x6f</size>
         <input_file_ref idref="fl-bd"/>
      </object_component>
      <object_component id="oc-89">
         <name>.debug_abbrev</name>
         <load_address>0x6ab</load_address>
         <run_address>0x6ab</run_address>
         <size>0x24</size>
         <input_file_ref idref="fl-bd"/>
      </object_component>
      <object_component id="oc-cc">
         <name>.debug_abbrev</name>
         <load_address>0x6cf</load_address>
         <run_address>0x6cf</run_address>
         <size>0x24</size>
         <input_file_ref idref="fl-bd"/>
      </object_component>
      <object_component id="oc-84">
         <name>.debug_abbrev</name>
         <load_address>0x6f3</load_address>
         <run_address>0x6f3</run_address>
         <size>0x37</size>
         <input_file_ref idref="fl-be"/>
      </object_component>
      <object_component id="oc-3c">
         <name>.debug_abbrev</name>
         <load_address>0x72a</load_address>
         <run_address>0x72a</run_address>
         <size>0x74</size>
         <input_file_ref idref="fl-be"/>
      </object_component>
      <object_component id="oc-3f">
         <name>.debug_abbrev</name>
         <load_address>0x79e</load_address>
         <run_address>0x79e</run_address>
         <size>0x24</size>
         <input_file_ref idref="fl-be"/>
      </object_component>
      <object_component id="oc-81">
         <name>.debug_abbrev</name>
         <load_address>0x7c2</load_address>
         <run_address>0x7c2</run_address>
         <size>0x24</size>
         <input_file_ref idref="fl-be"/>
      </object_component>
      <object_component id="oc-c8">
         <name>.debug_abbrev</name>
         <load_address>0x7e6</load_address>
         <run_address>0x7e6</run_address>
         <size>0x37</size>
         <input_file_ref idref="fl-bf"/>
      </object_component>
      <object_component id="oc-2c">
         <name>.debug_abbrev</name>
         <load_address>0x81d</load_address>
         <run_address>0x81d</run_address>
         <size>0x6f</size>
         <input_file_ref idref="fl-bf"/>
      </object_component>
      <object_component id="oc-2f">
         <name>.debug_abbrev</name>
         <load_address>0x88c</load_address>
         <run_address>0x88c</run_address>
         <size>0x24</size>
         <input_file_ref idref="fl-bf"/>
      </object_component>
      <object_component id="oc-c5">
         <name>.debug_abbrev</name>
         <load_address>0x8b0</load_address>
         <run_address>0x8b0</run_address>
         <size>0x35</size>
         <input_file_ref idref="fl-bf"/>
      </object_component>
      <object_component id="oc-7a">
         <name>.debug_abbrev</name>
         <load_address>0x8e5</load_address>
         <run_address>0x8e5</run_address>
         <size>0x24</size>
         <input_file_ref idref="fl-bf"/>
      </object_component>
      <object_component id="oc-76">
         <name>.debug_abbrev</name>
         <load_address>0x909</load_address>
         <run_address>0x909</run_address>
         <size>0x29</size>
         <input_file_ref idref="fl-c0"/>
      </object_component>
      <object_component id="oc-9c">
         <name>.debug_abbrev</name>
         <load_address>0x932</load_address>
         <run_address>0x932</run_address>
         <size>0x55</size>
         <input_file_ref idref="fl-c0"/>
      </object_component>
      <object_component id="oc-7e">
         <name>.debug_abbrev</name>
         <load_address>0x987</load_address>
         <run_address>0x987</run_address>
         <size>0x3e</size>
         <input_file_ref idref="fl-c1"/>
      </object_component>
      <object_component id="oc-158">
         <name>.debug_abbrev</name>
         <load_address>0x9c5</load_address>
         <run_address>0x9c5</run_address>
         <size>0xc0</size>
         <input_file_ref idref="fl-c3"/>
      </object_component>
      <object_component id="oc-132">
         <name>.debug_abbrev</name>
         <load_address>0xa85</load_address>
         <run_address>0xa85</run_address>
         <size>0x7e</size>
         <input_file_ref idref="fl-c3"/>
      </object_component>
      <object_component id="oc-15c">
         <name>.debug_abbrev</name>
         <load_address>0xb03</load_address>
         <run_address>0xb03</run_address>
         <size>0x24</size>
         <input_file_ref idref="fl-c3"/>
      </object_component>
      <object_component id="oc-170">
         <name>.debug_abbrev</name>
         <load_address>0xb27</load_address>
         <run_address>0xb27</run_address>
         <size>0x24</size>
         <input_file_ref idref="fl-c3"/>
      </object_component>
      <object_component id="oc-161">
         <name>.debug_abbrev</name>
         <load_address>0xb4b</load_address>
         <run_address>0xb4b</run_address>
         <size>0x24</size>
         <input_file_ref idref="fl-c3"/>
      </object_component>
      <object_component id="oc-166">
         <name>.debug_abbrev</name>
         <load_address>0xb6f</load_address>
         <run_address>0xb6f</run_address>
         <size>0x4b</size>
         <input_file_ref idref="fl-c3"/>
      </object_component>
      <object_component id="oc-d2">
         <name>.debug_abbrev</name>
         <load_address>0xbba</load_address>
         <run_address>0xbba</run_address>
         <size>0x55</size>
         <input_file_ref idref="fl-c4"/>
      </object_component>
      <object_component id="oc-128">
         <name>.debug_abbrev</name>
         <load_address>0xc0f</load_address>
         <run_address>0xc0f</run_address>
         <size>0x45</size>
         <input_file_ref idref="fl-c6"/>
      </object_component>
      <object_component id="oc-1b0">
         <name>.debug_abbrev</name>
         <load_address>0xc54</load_address>
         <run_address>0xc54</run_address>
         <size>0xf</size>
      </object_component>
      <object_component id="oc-127">
         <name>.debug_str</name>
         <load_address>0x0</load_address>
         <run_address>0x0</run_address>
         <size>0x48d</size>
         <input_file_ref idref="fl-1"/>
      </object_component>
      <object_component id="oc-c2">
         <name>.debug_str</name>
         <load_address>0x48d</load_address>
         <run_address>0x48d</run_address>
         <size>0x2b8</size>
         <input_file_ref idref="fl-1"/>
      </object_component>
      <object_component id="oc-122">
         <name>.debug_str</name>
         <load_address>0x745</load_address>
         <run_address>0x745</run_address>
         <size>0x15d1</size>
         <input_file_ref idref="fl-1"/>
      </object_component>
      <object_component id="oc-bb">
         <name>.debug_str</name>
         <load_address>0x1d16</load_address>
         <run_address>0x1d16</run_address>
         <size>0xff</size>
         <input_file_ref idref="fl-1"/>
      </object_component>
      <object_component id="oc-11b">
         <name>.debug_str</name>
         <load_address>0x1e15</load_address>
         <run_address>0x1e15</run_address>
         <size>0x34e</size>
         <input_file_ref idref="fl-1"/>
      </object_component>
      <object_component id="oc-b5">
         <name>.debug_str</name>
         <load_address>0x2163</load_address>
         <run_address>0x2163</run_address>
         <size>0x150</size>
         <input_file_ref idref="fl-1"/>
      </object_component>
      <object_component id="oc-36">
         <name>.debug_str</name>
         <load_address>0x22b3</load_address>
         <run_address>0x22b3</run_address>
         <size>0xff</size>
         <input_file_ref idref="fl-2"/>
      </object_component>
      <object_component id="oc-8b">
         <name>.debug_str</name>
         <load_address>0x23b2</load_address>
         <run_address>0x23b2</run_address>
         <size>0x105</size>
         <input_file_ref idref="fl-bd"/>
      </object_component>
      <object_component id="oc-ce">
         <name>.debug_str</name>
         <load_address>0x24b7</load_address>
         <run_address>0x24b7</run_address>
         <size>0x140</size>
         <input_file_ref idref="fl-bd"/>
      </object_component>
      <object_component id="oc-41">
         <name>.debug_str</name>
         <load_address>0x25f7</load_address>
         <run_address>0x25f7</run_address>
         <size>0x10b</size>
         <input_file_ref idref="fl-be"/>
      </object_component>
      <object_component id="oc-83">
         <name>.debug_str</name>
         <load_address>0x2702</load_address>
         <run_address>0x2702</run_address>
         <size>0x140</size>
         <input_file_ref idref="fl-be"/>
      </object_component>
      <object_component id="oc-31">
         <name>.debug_str</name>
         <load_address>0x2842</load_address>
         <run_address>0x2842</run_address>
         <size>0x118</size>
         <input_file_ref idref="fl-bf"/>
      </object_component>
      <object_component id="oc-c7">
         <name>.debug_str</name>
         <load_address>0x295a</load_address>
         <run_address>0x295a</run_address>
         <size>0x16b</size>
         <input_file_ref idref="fl-bf"/>
      </object_component>
      <object_component id="oc-7c">
         <name>.debug_str</name>
         <load_address>0x2ac5</load_address>
         <run_address>0x2ac5</run_address>
         <size>0x158</size>
         <input_file_ref idref="fl-bf"/>
      </object_component>
      <object_component id="oc-15e">
         <name>.debug_str</name>
         <load_address>0x2c1d</load_address>
         <run_address>0x2c1d</run_address>
         <size>0xed</size>
         <input_file_ref idref="fl-c3"/>
      </object_component>
      <object_component id="oc-172">
         <name>.debug_str</name>
         <load_address>0x2d0a</load_address>
         <run_address>0x2d0a</run_address>
         <size>0x157</size>
         <input_file_ref idref="fl-c3"/>
      </object_component>
      <object_component id="oc-163">
         <name>.debug_str</name>
         <load_address>0x2e61</load_address>
         <run_address>0x2e61</run_address>
         <size>0x150</size>
         <input_file_ref idref="fl-c3"/>
      </object_component>
      <object_component id="oc-168">
         <name>.debug_str</name>
         <load_address>0x2fb1</load_address>
         <run_address>0x2fb1</run_address>
         <size>0x197</size>
         <input_file_ref idref="fl-c3"/>
      </object_component>
      <object_component id="oc-6f">
         <name>.debug_aranges</name>
         <load_address>0x0</load_address>
         <run_address>0x0</run_address>
         <size>0x48</size>
         <input_file_ref idref="fl-1"/>
      </object_component>
      <object_component id="oc-69">
         <name>.debug_aranges</name>
         <load_address>0x48</load_address>
         <run_address>0x48</run_address>
         <size>0x28</size>
         <input_file_ref idref="fl-2"/>
      </object_component>
      <object_component id="oc-a7">
         <name>.debug_aranges</name>
         <load_address>0x70</load_address>
         <run_address>0x70</run_address>
         <size>0x28</size>
         <input_file_ref idref="fl-3"/>
      </object_component>
      <object_component id="oc-45">
         <name>.debug_aranges</name>
         <load_address>0x98</load_address>
         <run_address>0x98</run_address>
         <size>0x20</size>
         <input_file_ref idref="fl-bd"/>
      </object_component>
      <object_component id="oc-1f">
         <name>.debug_aranges</name>
         <load_address>0xb8</load_address>
         <run_address>0xb8</run_address>
         <size>0x20</size>
         <input_file_ref idref="fl-be"/>
      </object_component>
      <object_component id="oc-18">
         <name>.debug_aranges</name>
         <load_address>0xd8</load_address>
         <run_address>0xd8</run_address>
         <size>0x20</size>
         <input_file_ref idref="fl-bf"/>
      </object_component>
      <object_component id="oc-56">
         <name>.debug_aranges</name>
         <load_address>0xf8</load_address>
         <run_address>0xf8</run_address>
         <size>0x20</size>
         <input_file_ref idref="fl-c0"/>
      </object_component>
      <object_component id="oc-38">
         <name>.debug_aranges</name>
         <load_address>0x118</load_address>
         <run_address>0x118</run_address>
         <size>0x20</size>
         <input_file_ref idref="fl-c1"/>
      </object_component>
      <object_component id="oc-e2">
         <name>.debug_aranges</name>
         <load_address>0x138</load_address>
         <run_address>0x138</run_address>
         <size>0x20</size>
         <input_file_ref idref="fl-c3"/>
      </object_component>
      <object_component id="oc-94">
         <name>.debug_aranges</name>
         <load_address>0x158</load_address>
         <run_address>0x158</run_address>
         <size>0x20</size>
         <input_file_ref idref="fl-c4"/>
      </object_component>
      <object_component id="oc-d5">
         <name>.debug_aranges</name>
         <load_address>0x178</load_address>
         <run_address>0x178</run_address>
         <size>0x20</size>
         <input_file_ref idref="fl-c6"/>
      </object_component>
      <object_component id="oc-af">
         <name>.debug_pubnames</name>
         <load_address>0x0</load_address>
         <run_address>0x0</run_address>
         <size>0x2a</size>
         <input_file_ref idref="fl-1"/>
      </object_component>
      <object_component id="oc-70">
         <name>.debug_pubnames</name>
         <load_address>0x2a</load_address>
         <run_address>0x2a</run_address>
         <size>0x78</size>
         <input_file_ref idref="fl-1"/>
      </object_component>
      <object_component id="oc-28">
         <name>.debug_pubnames</name>
         <load_address>0xa2</load_address>
         <run_address>0xa2</run_address>
         <size>0x27</size>
         <input_file_ref idref="fl-2"/>
      </object_component>
      <object_component id="oc-6b">
         <name>.debug_pubnames</name>
         <load_address>0xc9</load_address>
         <run_address>0xc9</run_address>
         <size>0x38</size>
         <input_file_ref idref="fl-2"/>
      </object_component>
      <object_component id="oc-113">
         <name>.debug_pubnames</name>
         <load_address>0x101</load_address>
         <run_address>0x101</run_address>
         <size>0x26</size>
         <input_file_ref idref="fl-3"/>
      </object_component>
      <object_component id="oc-a8">
         <name>.debug_pubnames</name>
         <load_address>0x127</load_address>
         <run_address>0x127</run_address>
         <size>0x3b</size>
         <input_file_ref idref="fl-3"/>
      </object_component>
      <object_component id="oc-46">
         <name>.debug_pubnames</name>
         <load_address>0x162</load_address>
         <run_address>0x162</run_address>
         <size>0x2e</size>
         <input_file_ref idref="fl-bd"/>
      </object_component>
      <object_component id="oc-20">
         <name>.debug_pubnames</name>
         <load_address>0x190</load_address>
         <run_address>0x190</run_address>
         <size>0x2b</size>
         <input_file_ref idref="fl-be"/>
      </object_component>
      <object_component id="oc-1c">
         <name>.debug_pubnames</name>
         <load_address>0x1bb</load_address>
         <run_address>0x1bb</run_address>
         <size>0x2b</size>
         <input_file_ref idref="fl-bf"/>
      </object_component>
      <object_component id="oc-2b">
         <name>.debug_pubnames</name>
         <load_address>0x1e6</load_address>
         <run_address>0x1e6</run_address>
         <size>0x1e</size>
         <input_file_ref idref="fl-c0"/>
      </object_component>
      <object_component id="oc-5a">
         <name>.debug_pubnames</name>
         <load_address>0x204</load_address>
         <run_address>0x204</run_address>
         <size>0x26</size>
         <input_file_ref idref="fl-c0"/>
      </object_component>
      <object_component id="oc-3b">
         <name>.debug_pubnames</name>
         <load_address>0x22a</load_address>
         <run_address>0x22a</run_address>
         <size>0x1d</size>
         <input_file_ref idref="fl-c1"/>
      </object_component>
      <object_component id="oc-e4">
         <name>.debug_pubnames</name>
         <load_address>0x247</load_address>
         <run_address>0x247</run_address>
         <size>0x35</size>
         <input_file_ref idref="fl-c3"/>
      </object_component>
      <object_component id="oc-96">
         <name>.debug_pubnames</name>
         <load_address>0x27c</load_address>
         <run_address>0x27c</run_address>
         <size>0x27</size>
         <input_file_ref idref="fl-c4"/>
      </object_component>
      <object_component id="oc-d6">
         <name>.debug_pubnames</name>
         <load_address>0x2a3</load_address>
         <run_address>0x2a3</run_address>
         <size>0x1c</size>
         <input_file_ref idref="fl-c6"/>
      </object_component>
      <object_component id="oc-124">
         <name>.debug_pubtypes</name>
         <load_address>0x0</load_address>
         <run_address>0x0</run_address>
         <size>0xdd</size>
         <input_file_ref idref="fl-1"/>
      </object_component>
      <object_component id="oc-bf">
         <name>.debug_pubtypes</name>
         <load_address>0xdd</load_address>
         <run_address>0xdd</run_address>
         <size>0x25c</size>
         <input_file_ref idref="fl-1"/>
      </object_component>
      <object_component id="oc-11f">
         <name>.debug_pubtypes</name>
         <load_address>0x339</load_address>
         <run_address>0x339</run_address>
         <size>0x2ce</size>
         <input_file_ref idref="fl-1"/>
      </object_component>
      <object_component id="oc-b8">
         <name>.debug_pubtypes</name>
         <load_address>0x607</load_address>
         <run_address>0x607</run_address>
         <size>0xff</size>
         <input_file_ref idref="fl-1"/>
      </object_component>
      <object_component id="oc-118">
         <name>.debug_pubtypes</name>
         <load_address>0x706</load_address>
         <run_address>0x706</run_address>
         <size>0x330</size>
         <input_file_ref idref="fl-1"/>
      </object_component>
      <object_component id="oc-b2">
         <name>.debug_pubtypes</name>
         <load_address>0xa36</load_address>
         <run_address>0xa36</run_address>
         <size>0xaa</size>
         <input_file_ref idref="fl-1"/>
      </object_component>
      <object_component id="oc-33">
         <name>.debug_pubtypes</name>
         <load_address>0xae0</load_address>
         <run_address>0xae0</run_address>
         <size>0xed</size>
         <input_file_ref idref="fl-2"/>
      </object_component>
      <object_component id="oc-88">
         <name>.debug_pubtypes</name>
         <load_address>0xbcd</load_address>
         <run_address>0xbcd</run_address>
         <size>0x48</size>
         <input_file_ref idref="fl-bd"/>
      </object_component>
      <object_component id="oc-cb">
         <name>.debug_pubtypes</name>
         <load_address>0xc15</load_address>
         <run_address>0xc15</run_address>
         <size>0x1d</size>
         <input_file_ref idref="fl-bd"/>
      </object_component>
      <object_component id="oc-3e">
         <name>.debug_pubtypes</name>
         <load_address>0xc32</load_address>
         <run_address>0xc32</run_address>
         <size>0x48</size>
         <input_file_ref idref="fl-be"/>
      </object_component>
      <object_component id="oc-80">
         <name>.debug_pubtypes</name>
         <load_address>0xc7a</load_address>
         <run_address>0xc7a</run_address>
         <size>0x1d</size>
         <input_file_ref idref="fl-be"/>
      </object_component>
      <object_component id="oc-2e">
         <name>.debug_pubtypes</name>
         <load_address>0xc97</load_address>
         <run_address>0xc97</run_address>
         <size>0x5d</size>
         <input_file_ref idref="fl-bf"/>
      </object_component>
      <object_component id="oc-c4">
         <name>.debug_pubtypes</name>
         <load_address>0xcf4</load_address>
         <run_address>0xcf4</run_address>
         <size>0x48</size>
         <input_file_ref idref="fl-bf"/>
      </object_component>
      <object_component id="oc-79">
         <name>.debug_pubtypes</name>
         <load_address>0xd3c</load_address>
         <run_address>0xd3c</run_address>
         <size>0x35</size>
         <input_file_ref idref="fl-bf"/>
      </object_component>
      <object_component id="oc-15b">
         <name>.debug_pubtypes</name>
         <load_address>0xd71</load_address>
         <run_address>0xd71</run_address>
         <size>0x32</size>
         <input_file_ref idref="fl-c3"/>
      </object_component>
      <object_component id="oc-16f">
         <name>.debug_pubtypes</name>
         <load_address>0xda3</load_address>
         <run_address>0xda3</run_address>
         <size>0x30</size>
         <input_file_ref idref="fl-c3"/>
      </object_component>
      <object_component id="oc-160">
         <name>.debug_pubtypes</name>
         <load_address>0xdd3</load_address>
         <run_address>0xdd3</run_address>
         <size>0x2c</size>
         <input_file_ref idref="fl-c3"/>
      </object_component>
      <object_component id="oc-165">
         <name>.debug_pubtypes</name>
         <load_address>0xdff</load_address>
         <run_address>0xdff</run_address>
         <size>0x50</size>
         <input_file_ref idref="fl-c3"/>
      </object_component>
   </object_component_list>
   <logical_group_list>
      <logical_group id="lg-3" display="no" color="cyan">
         <name>.intvecs</name>
         <load_address>0x0</load_address>
         <run_address>0x0</run_address>
         <size>0xe4</size>
         <contents>
            <object_component_ref idref="oc-26"/>
         </contents>
      </logical_group>
      <logical_group id="lg-4" display="no" color="cyan">
         <name>.text</name>
         <load_address>0xe4</load_address>
         <run_address>0xe4</run_address>
         <size>0x7c0</size>
         <contents>
            <object_component_ref idref="oc-a5"/>
            <object_component_ref idref="oc-6d"/>
            <object_component_ref idref="oc-37"/>
            <object_component_ref idref="oc-17"/>
            <object_component_ref idref="oc-df"/>
            <object_component_ref idref="oc-55"/>
            <object_component_ref idref="oc-43"/>
            <object_component_ref idref="oc-1d"/>
            <object_component_ref idref="oc-67"/>
            <object_component_ref idref="oc-93"/>
            <object_component_ref idref="oc-d3"/>
         </contents>
      </logical_group>
      <logical_group id="lg-5" display="no" color="cyan">
         <name>.const</name>
         <run_address>0x0</run_address>
         <size>0x0</size>
         <contents>
         </contents>
      </logical_group>
      <logical_group id="lg-6" display="no" color="cyan">
         <name>.cinit</name>
         <load_address>0x8a8</load_address>
         <run_address>0x8a8</run_address>
         <size>0x30</size>
         <contents>
            <object_component_ref idref="oc-1a9"/>
            <object_component_ref idref="oc-1ab"/>
            <object_component_ref idref="oc-1ac"/>
            <object_component_ref idref="oc-1aa"/>
         </contents>
      </logical_group>
      <logical_group id="lg-7" display="no" color="cyan">
         <name>.pinit</name>
         <run_address>0x0</run_address>
         <size>0x0</size>
         <contents>
         </contents>
      </logical_group>
      <logical_group id="lg-8" display="no" color="cyan">
         <name>.init_array</name>
         <run_address>0x0</run_address>
         <size>0x0</size>
         <contents>
         </contents>
      </logical_group>
      <logical_group id="lg-9" display="no" color="cyan">
         <name>.binit</name>
         <load_address>0x0</load_address>
         <run_address>0x0</run_address>
         <size>0x0</size>
         <contents>
            <object_component_ref idref="oc-17d"/>
         </contents>
      </logical_group>
      <logical_group id="lg-a" display="no" color="cyan">
         <name>.flashMailbox</name>
         <run_address>0x0</run_address>
         <size>0x0</size>
         <contents>
         </contents>
      </logical_group>
      <logical_group id="lg-b" display="no" color="cyan">
         <name>.tlvTable</name>
         <run_address>0x0</run_address>
         <size>0x0</size>
         <contents>
         </contents>
      </logical_group>
      <logical_group id="lg-c" display="no" color="cyan">
         <name>.bslArea</name>
         <run_address>0x0</run_address>
         <size>0x0</size>
         <contents>
         </contents>
      </logical_group>
      <logical_group id="lg-d" display="no" color="cyan">
         <name>.vtable</name>
         <run_address>0x0</run_address>
         <size>0x0</size>
         <contents>
         </contents>
      </logical_group>
      <logical_group id="lg-e" display="no" color="cyan">
         <name>.data</name>
         <run_address>0x20000000</run_address>
         <size>0x6</size>
         <contents>
            <object_component_ref idref="oc-ad"/>
            <object_component_ref idref="oc-111"/>
         </contents>
      </logical_group>
      <logical_group id="lg-f" display="no" color="cyan">
         <name>.bss</name>
         <run_address>0x20000006</run_address>
         <size>0x5</size>
         <contents>
            <object_component_ref idref="oc-ac"/>
         </contents>
      </logical_group>
      <logical_group id="lg-10" display="no" color="cyan">
         <name>.sysmem</name>
         <run_address>0x0</run_address>
         <size>0x0</size>
         <contents>
         </contents>
      </logical_group>
      <logical_group id="lg-11" display="no" color="cyan">
         <name>.stack</name>
         <run_address>0x2000fe00</run_address>
         <size>0x200</size>
         <contents>
            <object_component_ref idref="oc-29"/>
            <object_component_ref idref="oc-1ae"/>
         </contents>
      </logical_group>
      <logical_group id="lg-12" display="no" color="cyan">
         <name>.TI.ramfunc</name>
         <run_address>0x0</run_address>
         <size>0x0</size>
         <contents>
         </contents>
      </logical_group>
      <logical_group id="lg-17a" display="no" color="cyan">
         <name>.TI.noinit</name>
         <run_address>0x0</run_address>
         <size>0x0</size>
         <contents>
         </contents>
      </logical_group>
      <logical_group id="lg-17b" display="no" color="cyan">
         <name>.TI.persistent</name>
         <run_address>0x0</run_address>
         <size>0x0</size>
         <contents>
         </contents>
      </logical_group>
      <logical_group id="lg-17c" display="no" color="cyan">
         <name>__llvm_prf_cnts</name>
         <run_address>0x20000000</run_address>
         <size>0x0</size>
         <contents>
         </contents>
      </logical_group>
      <logical_group id="lg-191" display="never" color="cyan">
         <name>.debug_info</name>
         <load_address>0x0</load_address>
         <run_address>0x0</run_address>
         <size>0x802a</size>
         <contents>
            <object_component_ref idref="oc-b6"/>
            <object_component_ref idref="oc-ae"/>
            <object_component_ref idref="oc-6e"/>
            <object_component_ref idref="oc-123"/>
            <object_component_ref idref="oc-be"/>
            <object_component_ref idref="oc-11e"/>
            <object_component_ref idref="oc-b7"/>
            <object_component_ref idref="oc-117"/>
            <object_component_ref idref="oc-b1"/>
            <object_component_ref idref="oc-75"/>
            <object_component_ref idref="oc-27"/>
            <object_component_ref idref="oc-6a"/>
            <object_component_ref idref="oc-32"/>
            <object_component_ref idref="oc-112"/>
            <object_component_ref idref="oc-a6"/>
            <object_component_ref idref="oc-8c"/>
            <object_component_ref idref="oc-44"/>
            <object_component_ref idref="oc-87"/>
            <object_component_ref idref="oc-ca"/>
            <object_component_ref idref="oc-42"/>
            <object_component_ref idref="oc-1e"/>
            <object_component_ref idref="oc-3d"/>
            <object_component_ref idref="oc-7f"/>
            <object_component_ref idref="oc-7d"/>
            <object_component_ref idref="oc-1b"/>
            <object_component_ref idref="oc-2d"/>
            <object_component_ref idref="oc-c3"/>
            <object_component_ref idref="oc-78"/>
            <object_component_ref idref="oc-2a"/>
            <object_component_ref idref="oc-59"/>
            <object_component_ref idref="oc-3a"/>
            <object_component_ref idref="oc-133"/>
            <object_component_ref idref="oc-e3"/>
            <object_component_ref idref="oc-15a"/>
            <object_component_ref idref="oc-16e"/>
            <object_component_ref idref="oc-15f"/>
            <object_component_ref idref="oc-164"/>
            <object_component_ref idref="oc-95"/>
            <object_component_ref idref="oc-d4"/>
            <object_component_ref idref="oc-1af"/>
         </contents>
      </logical_group>
      <logical_group id="lg-193" display="never" color="cyan">
         <name>.debug_line</name>
         <load_address>0x0</load_address>
         <run_address>0x0</run_address>
         <size>0x1091</size>
         <contents>
            <object_component_ref idref="oc-11d"/>
            <object_component_ref idref="oc-116"/>
            <object_component_ref idref="oc-71"/>
            <object_component_ref idref="oc-126"/>
            <object_component_ref idref="oc-c1"/>
            <object_component_ref idref="oc-121"/>
            <object_component_ref idref="oc-ba"/>
            <object_component_ref idref="oc-11a"/>
            <object_component_ref idref="oc-b4"/>
            <object_component_ref idref="oc-bd"/>
            <object_component_ref idref="oc-74"/>
            <object_component_ref idref="oc-6c"/>
            <object_component_ref idref="oc-35"/>
            <object_component_ref idref="oc-149"/>
            <object_component_ref idref="oc-a9"/>
            <object_component_ref idref="oc-d0"/>
            <object_component_ref idref="oc-47"/>
            <object_component_ref idref="oc-8a"/>
            <object_component_ref idref="oc-cd"/>
            <object_component_ref idref="oc-85"/>
            <object_component_ref idref="oc-21"/>
            <object_component_ref idref="oc-40"/>
            <object_component_ref idref="oc-82"/>
            <object_component_ref idref="oc-c9"/>
            <object_component_ref idref="oc-1a"/>
            <object_component_ref idref="oc-30"/>
            <object_component_ref idref="oc-c6"/>
            <object_component_ref idref="oc-7b"/>
            <object_component_ref idref="oc-77"/>
            <object_component_ref idref="oc-58"/>
            <object_component_ref idref="oc-39"/>
            <object_component_ref idref="oc-159"/>
            <object_component_ref idref="oc-e0"/>
            <object_component_ref idref="oc-15d"/>
            <object_component_ref idref="oc-171"/>
            <object_component_ref idref="oc-162"/>
            <object_component_ref idref="oc-167"/>
            <object_component_ref idref="oc-97"/>
            <object_component_ref idref="oc-d7"/>
         </contents>
      </logical_group>
      <logical_group id="lg-195" display="never" color="cyan">
         <name>.debug_frame</name>
         <load_address>0x0</load_address>
         <run_address>0x0</run_address>
         <size>0x400</size>
         <contents>
            <object_component_ref idref="oc-72"/>
            <object_component_ref idref="oc-68"/>
            <object_component_ref idref="oc-aa"/>
            <object_component_ref idref="oc-48"/>
            <object_component_ref idref="oc-22"/>
            <object_component_ref idref="oc-19"/>
            <object_component_ref idref="oc-57"/>
            <object_component_ref idref="oc-e1"/>
            <object_component_ref idref="oc-98"/>
            <object_component_ref idref="oc-d8"/>
         </contents>
      </logical_group>
      <logical_group id="lg-197" display="never" color="cyan">
         <name>.debug_abbrev</name>
         <load_address>0x0</load_address>
         <run_address>0x0</run_address>
         <size>0xc63</size>
         <contents>
            <object_component_ref idref="oc-11c"/>
            <object_component_ref idref="oc-115"/>
            <object_component_ref idref="oc-b0"/>
            <object_component_ref idref="oc-125"/>
            <object_component_ref idref="oc-c0"/>
            <object_component_ref idref="oc-120"/>
            <object_component_ref idref="oc-b9"/>
            <object_component_ref idref="oc-119"/>
            <object_component_ref idref="oc-b3"/>
            <object_component_ref idref="oc-bc"/>
            <object_component_ref idref="oc-73"/>
            <object_component_ref idref="oc-ab"/>
            <object_component_ref idref="oc-34"/>
            <object_component_ref idref="oc-148"/>
            <object_component_ref idref="oc-114"/>
            <object_component_ref idref="oc-cf"/>
            <object_component_ref idref="oc-86"/>
            <object_component_ref idref="oc-89"/>
            <object_component_ref idref="oc-cc"/>
            <object_component_ref idref="oc-84"/>
            <object_component_ref idref="oc-3c"/>
            <object_component_ref idref="oc-3f"/>
            <object_component_ref idref="oc-81"/>
            <object_component_ref idref="oc-c8"/>
            <object_component_ref idref="oc-2c"/>
            <object_component_ref idref="oc-2f"/>
            <object_component_ref idref="oc-c5"/>
            <object_component_ref idref="oc-7a"/>
            <object_component_ref idref="oc-76"/>
            <object_component_ref idref="oc-9c"/>
            <object_component_ref idref="oc-7e"/>
            <object_component_ref idref="oc-158"/>
            <object_component_ref idref="oc-132"/>
            <object_component_ref idref="oc-15c"/>
            <object_component_ref idref="oc-170"/>
            <object_component_ref idref="oc-161"/>
            <object_component_ref idref="oc-166"/>
            <object_component_ref idref="oc-d2"/>
            <object_component_ref idref="oc-128"/>
            <object_component_ref idref="oc-1b0"/>
         </contents>
      </logical_group>
      <logical_group id="lg-199" display="never" color="cyan">
         <name>.debug_str</name>
         <load_address>0x0</load_address>
         <run_address>0x0</run_address>
         <size>0x3148</size>
         <contents>
            <object_component_ref idref="oc-127"/>
            <object_component_ref idref="oc-c2"/>
            <object_component_ref idref="oc-122"/>
            <object_component_ref idref="oc-bb"/>
            <object_component_ref idref="oc-11b"/>
            <object_component_ref idref="oc-b5"/>
            <object_component_ref idref="oc-36"/>
            <object_component_ref idref="oc-8b"/>
            <object_component_ref idref="oc-ce"/>
            <object_component_ref idref="oc-41"/>
            <object_component_ref idref="oc-83"/>
            <object_component_ref idref="oc-31"/>
            <object_component_ref idref="oc-c7"/>
            <object_component_ref idref="oc-7c"/>
            <object_component_ref idref="oc-15e"/>
            <object_component_ref idref="oc-172"/>
            <object_component_ref idref="oc-163"/>
            <object_component_ref idref="oc-168"/>
         </contents>
      </logical_group>
      <logical_group id="lg-19b" display="never" color="cyan">
         <name>.debug_aranges</name>
         <load_address>0x0</load_address>
         <run_address>0x0</run_address>
         <size>0x198</size>
         <contents>
            <object_component_ref idref="oc-6f"/>
            <object_component_ref idref="oc-69"/>
            <object_component_ref idref="oc-a7"/>
            <object_component_ref idref="oc-45"/>
            <object_component_ref idref="oc-1f"/>
            <object_component_ref idref="oc-18"/>
            <object_component_ref idref="oc-56"/>
            <object_component_ref idref="oc-38"/>
            <object_component_ref idref="oc-e2"/>
            <object_component_ref idref="oc-94"/>
            <object_component_ref idref="oc-d5"/>
         </contents>
      </logical_group>
      <logical_group id="lg-19d" display="never" color="cyan">
         <name>.debug_pubnames</name>
         <load_address>0x0</load_address>
         <run_address>0x0</run_address>
         <size>0x2bf</size>
         <contents>
            <object_component_ref idref="oc-af"/>
            <object_component_ref idref="oc-70"/>
            <object_component_ref idref="oc-28"/>
            <object_component_ref idref="oc-6b"/>
            <object_component_ref idref="oc-113"/>
            <object_component_ref idref="oc-a8"/>
            <object_component_ref idref="oc-46"/>
            <object_component_ref idref="oc-20"/>
            <object_component_ref idref="oc-1c"/>
            <object_component_ref idref="oc-2b"/>
            <object_component_ref idref="oc-5a"/>
            <object_component_ref idref="oc-3b"/>
            <object_component_ref idref="oc-e4"/>
            <object_component_ref idref="oc-96"/>
            <object_component_ref idref="oc-d6"/>
         </contents>
      </logical_group>
      <logical_group id="lg-19f" display="never" color="cyan">
         <name>.debug_pubtypes</name>
         <load_address>0x0</load_address>
         <run_address>0x0</run_address>
         <size>0xe4f</size>
         <contents>
            <object_component_ref idref="oc-124"/>
            <object_component_ref idref="oc-bf"/>
            <object_component_ref idref="oc-11f"/>
            <object_component_ref idref="oc-b8"/>
            <object_component_ref idref="oc-118"/>
            <object_component_ref idref="oc-b2"/>
            <object_component_ref idref="oc-33"/>
            <object_component_ref idref="oc-88"/>
            <object_component_ref idref="oc-cb"/>
            <object_component_ref idref="oc-3e"/>
            <object_component_ref idref="oc-80"/>
            <object_component_ref idref="oc-2e"/>
            <object_component_ref idref="oc-c4"/>
            <object_component_ref idref="oc-79"/>
            <object_component_ref idref="oc-15b"/>
            <object_component_ref idref="oc-16f"/>
            <object_component_ref idref="oc-160"/>
            <object_component_ref idref="oc-165"/>
         </contents>
      </logical_group>
      <logical_group id="lg-1ad" display="no" color="cyan">
         <name>Veneer$$CMSE</name>
         <run_address>0x0</run_address>
         <size>0x0</size>
         <contents>
         </contents>
      </logical_group>
      <load_segment id="lg-1b2" display="no" color="cyan">
         <name>SEGMENT_0</name>
         <load_address>0x0</load_address>
         <run_address>0x0</run_address>
         <size>0x8d8</size>
         <flags>0x5</flags>
         <contents>
            <logical_group_ref idref="lg-3"/>
            <logical_group_ref idref="lg-4"/>
            <logical_group_ref idref="lg-6"/>
         </contents>
      </load_segment>
      <load_segment id="lg-1b3" display="no" color="cyan">
         <name>SEGMENT_1</name>
         <run_address>0x20000000</run_address>
         <size>0xb</size>
         <flags>0x6</flags>
         <contents>
            <logical_group_ref idref="lg-e"/>
            <logical_group_ref idref="lg-f"/>
         </contents>
      </load_segment>
      <load_segment id="lg-1b4" display="no" color="cyan">
         <name>SEGMENT_2</name>
         <run_address>0x2000fe00</run_address>
         <size>0x200</size>
         <flags>0x6</flags>
         <contents>
            <logical_group_ref idref="lg-11"/>
         </contents>
      </load_segment>
   </logical_group_list>
   <placement_map>
      <memory_area display="yes" color="green">
         <name>MAIN</name>
         <page_id>0x0</page_id>
         <origin>0x0</origin>
         <length>0x40000</length>
         <used_space>0x8d4</used_space>
         <unused_space>0x3f72c</unused_space>
         <attributes>RX</attributes>
         <usage_details>
            <allocated_space>
               <start_address>0x0</start_address>
               <size>0x0</size>
               <logical_group_ref idref="lg-9"/>
            </allocated_space>
            <allocated_space>
               <start_address>0x0</start_address>
               <size>0xe4</size>
               <logical_group_ref idref="lg-3"/>
            </allocated_space>
            <allocated_space>
               <start_address>0xe4</start_address>
               <size>0x7c0</size>
               <logical_group_ref idref="lg-4"/>
            </allocated_space>
            <available_space>
               <start_address>0x8a4</start_address>
               <size>0x4</size>
            </available_space>
            <allocated_space>
               <start_address>0x8a8</start_address>
               <size>0x30</size>
               <logical_group_ref idref="lg-6"/>
            </allocated_space>
            <available_space>
               <start_address>0x8d8</start_address>
               <size>0x3f728</size>
            </available_space>
         </usage_details>
      </memory_area>
      <memory_area display="yes" color="green">
         <name>INFO</name>
         <page_id>0x0</page_id>
         <origin>0x200000</origin>
         <length>0x4000</length>
         <used_space>0x0</used_space>
         <unused_space>0x4000</unused_space>
         <attributes>RX</attributes>
         <usage_details>
         </usage_details>
      </memory_area>
      <memory_area display="yes" color="green">
         <name>SRAM_CODE</name>
         <page_id>0x0</page_id>
         <origin>0x1000000</origin>
         <length>0x10000</length>
         <used_space>0x20b</used_space>
         <unused_space>0xfdf5</unused_space>
         <attributes>RWX</attributes>
         <usage_details>
            <allocated_space>
               <start_address>0x1000000</start_address>
               <size>0x0</size>
               <logical_group_ref idref="lg-17c"/>
            </allocated_space>
            <allocated_space>
               <start_address>0x1000000</start_address>
               <size>0x6</size>
               <logical_group_ref idref="lg-e"/>
            </allocated_space>
            <allocated_space>
               <start_address>0x1000006</start_address>
               <size>0x5</size>
               <logical_group_ref idref="lg-f"/>
            </allocated_space>
            <available_space>
               <start_address>0x100000b</start_address>
               <size>0xfdf5</size>
            </available_space>
            <allocated_space>
               <start_address>0x100fe00</start_address>
               <size>0x200</size>
               <logical_group_ref idref="lg-11"/>
            </allocated_space>
         </usage_details>
      </memory_area>
      <memory_area display="yes" color="green">
         <name>SRAM_DATA</name>
         <page_id>0x0</page_id>
         <origin>0x20000000</origin>
         <length>0x10000</length>
         <used_space>0x20b</used_space>
         <unused_space>0xfdf5</unused_space>
         <attributes>RW</attributes>
         <usage_details>
            <allocated_space>
               <start_address>0x20000000</start_address>
               <size>0x0</size>
               <logical_group_ref idref="lg-17c"/>
            </allocated_space>
            <allocated_space>
               <start_address>0x20000000</start_address>
               <size>0x6</size>
               <logical_group_ref idref="lg-e"/>
            </allocated_space>
            <allocated_space>
               <start_address>0x20000006</start_address>
               <size>0x5</size>
               <logical_group_ref idref="lg-f"/>
            </allocated_space>
            <available_space>
               <start_address>0x2000000b</start_address>
               <size>0xfdf5</size>
            </available_space>
            <allocated_space>
               <start_address>0x2000fe00</start_address>
               <size>0x200</size>
               <logical_group_ref idref="lg-11"/>
            </allocated_space>
         </usage_details>
      </memory_area>
   </placement_map>
   <cptbl_list>
      <cptbl>
         <name>__TI_cinit_table</name>
         <cprec>
            <name>.data</name>
            <load_address>0x8b4</load_address>
            <load_size>0xa</load_size>
            <run_address>0x20000000</run_address>
            <run_size>0x6</run_size>
            <compression>lzss</compression>
         </cprec>
         <cprec>
            <name>.bss</name>
            <load_address>0x8c0</load_address>
            <load_size>0x8</load_size>
            <run_address>0x20000006</run_address>
            <run_size>0x5</run_size>
            <compression>zero_init</compression>
         </cprec>
      </cptbl>
   </cptbl_list>
   <handler_table>
      <handler_table_name>__TI_handler_table</handler_table_name>
      <handler>
         <index>0x0</index>
         <name>__TI_decompress_lzss</name>
      </handler>
      <handler>
         <index>0x1</index>
         <name>__TI_decompress_none</name>
      </handler>
      <handler>
         <index>0x2</index>
         <name>__TI_zero_init</name>
      </handler>
   </handler_table>
   <symbol_table>
      <symbol id="sm-1">
         <name>WDTCTL_SYM</name>
         <value>0x4000480c</value>
      </symbol>
      <symbol id="sm-2">
         <name>__start___llvm_prf_cnts</name>
         <value>0x20000000</value>
      </symbol>
      <symbol id="sm-3">
         <name>__stop___llvm_prf_cnts</name>
         <value>0x20000000</value>
      </symbol>
      <symbol id="sm-4">
         <name>__TI_CINIT_Base</name>
         <value>0x8c8</value>
      </symbol>
      <symbol id="sm-5">
         <name>__TI_CINIT_Limit</name>
         <value>0x8d8</value>
      </symbol>
      <symbol id="sm-6">
         <name>__TI_Handler_Table_Base</name>
         <value>0x8a8</value>
      </symbol>
      <symbol id="sm-7">
         <name>__TI_Handler_Table_Limit</name>
         <value>0x8b4</value>
      </symbol>
      <symbol id="sm-8">
         <name>binit</name>
         <value>0xffffffff</value>
      </symbol>
      <symbol id="sm-9">
         <name>__binit__</name>
         <value>0xffffffff</value>
      </symbol>
      <symbol id="sm-a">
         <name>__STACK_SIZE</name>
         <value>0x200</value>
      </symbol>
      <symbol id="sm-b">
         <name>__STACK_END</name>
         <value>0x20010000</value>
      </symbol>
      <symbol id="sm-c">
         <name>__c_args__</name>
         <value>0xffffffff</value>
      </symbol>
      <symbol id="sm-d">
         <name>__TI_pprof_out_hndl</name>
         <value>0xffffffff</value>
      </symbol>
      <symbol id="sm-e">
         <name>__TI_prof_data_start</name>
         <value>0xffffffff</value>
      </symbol>
      <symbol id="sm-f">
         <name>__TI_prof_data_size</name>
         <value>0xffffffff</value>
      </symbol>
      <symbol id="sm-99">
         <name>init_interrupciones</name>
         <value>0x419</value>
         <object_component_ref idref="oc-6d"/>
      </symbol>
      <symbol id="sm-9a">
         <name>PORT1_IRQHandler</name>
         <value>0x5ed</value>
         <object_component_ref idref="oc-6d"/>
      </symbol>
      <symbol id="sm-9b">
         <name>delay_t</name>
         <value>0x491</value>
         <object_component_ref idref="oc-6d"/>
      </symbol>
      <symbol id="sm-9c">
         <name>config_RGB_LEDS</name>
         <value>0x4b5</value>
         <object_component_ref idref="oc-6d"/>
      </symbol>
      <symbol id="sm-9d">
         <name>init_botons</name>
         <value>0x42f</value>
         <object_component_ref idref="oc-6d"/>
      </symbol>
      <symbol id="sm-9e">
         <name>main</name>
         <value>0x4f3</value>
         <object_component_ref idref="oc-6d"/>
      </symbol>
      <symbol id="sm-9f">
         <name>estado</name>
         <value>0x20000004</value>
         <object_component_ref idref="oc-ad"/>
      </symbol>
      <symbol id="sm-b9">
         <name>Reset_Handler</name>
         <value>0x88f</value>
         <object_component_ref idref="oc-67"/>
      </symbol>
      <symbol id="sm-ba">
         <name>Default_Handler</name>
         <value>0x89b</value>
         <object_component_ref idref="oc-67"/>
      </symbol>
      <symbol id="sm-bb">
         <name>interruptVectors</name>
         <value>0x0</value>
         <object_component_ref idref="oc-26"/>
      </symbol>
      <symbol id="sm-103">
         <name>SystemInit</name>
         <value>0x35d</value>
         <object_component_ref idref="oc-a5"/>
      </symbol>
      <symbol id="sm-104">
         <name>SystemCoreClockUpdate</name>
         <value>0xe5</value>
         <object_component_ref idref="oc-a5"/>
      </symbol>
      <symbol id="sm-105">
         <name>SystemCoreClock</name>
         <value>0x20000000</value>
         <object_component_ref idref="oc-111"/>
      </symbol>
      <symbol id="sm-11e">
         <name>__TI_zero_init_nomemset</name>
         <value>0x865</value>
         <object_component_ref idref="oc-43"/>
      </symbol>
      <symbol id="sm-135">
         <name>__TI_decompress_none</name>
         <value>0x881</value>
         <object_component_ref idref="oc-1d"/>
      </symbol>
      <symbol id="sm-158">
         <name>__TI_decompress_lzss</name>
         <value>0x785</value>
         <object_component_ref idref="oc-17"/>
      </symbol>
      <symbol id="sm-16b">
         <name>__stack</name>
         <value>0x2000fe00</value>
         <object_component_ref idref="oc-29"/>
      </symbol>
      <symbol id="sm-16c">
         <name>_c_int00_noargs</name>
         <value>0x831</value>
         <object_component_ref idref="oc-55"/>
      </symbol>
      <symbol id="sm-187">
         <name>memcpy</name>
         <value>0x6e9</value>
         <object_component_ref idref="oc-37"/>
      </symbol>
      <symbol id="sm-188">
         <name>__aeabi_memcpy</name>
         <value>0x6e9</value>
         <object_component_ref idref="oc-37"/>
      </symbol>
      <symbol id="sm-189">
         <name>__aeabi_memcpy8</name>
         <value>0x6e9</value>
         <object_component_ref idref="oc-37"/>
      </symbol>
      <symbol id="sm-18a">
         <name>__aeabi_memcpy4</name>
         <value>0x6e9</value>
         <object_component_ref idref="oc-37"/>
      </symbol>
      <symbol id="sm-1b3">
         <name>__TI_auto_init_nobinit_nopinit</name>
         <value>0x7ed</value>
         <object_component_ref idref="oc-df"/>
      </symbol>
      <symbol id="sm-1bd">
         <name>_system_pre_init</name>
         <value>0x89d</value>
         <object_component_ref idref="oc-93"/>
      </symbol>
      <symbol id="sm-1c9">
         <name>C$$EXIT</name>
         <value>0x8a1</value>
         <object_component_ref idref="oc-d3"/>
      </symbol>
      <symbol id="sm-1ca">
         <name>abort</name>
         <value>0x8a1</value>
         <object_component_ref idref="oc-d3"/>
      </symbol>
      <symbol id="sm-1cd">
         <name>__TI_static_base__</name>
         <value>0x0</value>
      </symbol>
      <symbol id="sm-1d0">
         <name>__mpu_init</name>
         <value>0x0</value>
      </symbol>
      <symbol id="sm-1d1">
         <name>_system_post_cinit</name>
         <value>0x0</value>
      </symbol>
      <symbol id="sm-1d2">
         <name>NMI_Handler</name>
         <value>0x89b</value>
      </symbol>
      <symbol id="sm-1d3">
         <name>HardFault_Handler</name>
         <value>0x89b</value>
      </symbol>
      <symbol id="sm-1d4">
         <name>MemManage_Handler</name>
         <value>0x89b</value>
      </symbol>
      <symbol id="sm-1d5">
         <name>BusFault_Handler</name>
         <value>0x89b</value>
      </symbol>
      <symbol id="sm-1d6">
         <name>UsageFault_Handler</name>
         <value>0x89b</value>
      </symbol>
      <symbol id="sm-1d7">
         <name>SVC_Handler</name>
         <value>0x89b</value>
      </symbol>
      <symbol id="sm-1d8">
         <name>DebugMon_Handler</name>
         <value>0x89b</value>
      </symbol>
      <symbol id="sm-1d9">
         <name>PendSV_Handler</name>
         <value>0x89b</value>
      </symbol>
      <symbol id="sm-1da">
         <name>SysTick_Handler</name>
         <value>0x89b</value>
      </symbol>
      <symbol id="sm-1db">
         <name>PSS_IRQHandler</name>
         <value>0x89b</value>
      </symbol>
      <symbol id="sm-1dc">
         <name>CS_IRQHandler</name>
         <value>0x89b</value>
      </symbol>
      <symbol id="sm-1dd">
         <name>PCM_IRQHandler</name>
         <value>0x89b</value>
      </symbol>
      <symbol id="sm-1de">
         <name>WDT_A_IRQHandler</name>
         <value>0x89b</value>
      </symbol>
      <symbol id="sm-1df">
         <name>FPU_IRQHandler</name>
         <value>0x89b</value>
      </symbol>
      <symbol id="sm-1e0">
         <name>FLCTL_IRQHandler</name>
         <value>0x89b</value>
      </symbol>
      <symbol id="sm-1e1">
         <name>COMP_E0_IRQHandler</name>
         <value>0x89b</value>
      </symbol>
      <symbol id="sm-1e2">
         <name>COMP_E1_IRQHandler</name>
         <value>0x89b</value>
      </symbol>
      <symbol id="sm-1e3">
         <name>TA0_0_IRQHandler</name>
         <value>0x89b</value>
      </symbol>
      <symbol id="sm-1e4">
         <name>TA0_N_IRQHandler</name>
         <value>0x89b</value>
      </symbol>
      <symbol id="sm-1e5">
         <name>TA1_0_IRQHandler</name>
         <value>0x89b</value>
      </symbol>
      <symbol id="sm-1e6">
         <name>TA1_N_IRQHandler</name>
         <value>0x89b</value>
      </symbol>
      <symbol id="sm-1e7">
         <name>TA2_0_IRQHandler</name>
         <value>0x89b</value>
      </symbol>
      <symbol id="sm-1e8">
         <name>TA2_N_IRQHandler</name>
         <value>0x89b</value>
      </symbol>
      <symbol id="sm-1e9">
         <name>TA3_0_IRQHandler</name>
         <value>0x89b</value>
      </symbol>
      <symbol id="sm-1ea">
         <name>TA3_N_IRQHandler</name>
         <value>0x89b</value>
      </symbol>
      <symbol id="sm-1eb">
         <name>EUSCIA0_IRQHandler</name>
         <value>0x89b</value>
      </symbol>
      <symbol id="sm-1ec">
         <name>EUSCIA1_IRQHandler</name>
         <value>0x89b</value>
      </symbol>
      <symbol id="sm-1ed">
         <name>EUSCIA2_IRQHandler</name>
         <value>0x89b</value>
      </symbol>
      <symbol id="sm-1ee">
         <name>EUSCIA3_IRQHandler</name>
         <value>0x89b</value>
      </symbol>
      <symbol id="sm-1ef">
         <name>EUSCIB0_IRQHandler</name>
         <value>0x89b</value>
      </symbol>
      <symbol id="sm-1f0">
         <name>EUSCIB1_IRQHandler</name>
         <value>0x89b</value>
      </symbol>
      <symbol id="sm-1f1">
         <name>EUSCIB2_IRQHandler</name>
         <value>0x89b</value>
      </symbol>
      <symbol id="sm-1f2">
         <name>EUSCIB3_IRQHandler</name>
         <value>0x89b</value>
      </symbol>
      <symbol id="sm-1f3">
         <name>ADC14_IRQHandler</name>
         <value>0x89b</value>
      </symbol>
      <symbol id="sm-1f4">
         <name>T32_INT1_IRQHandler</name>
         <value>0x89b</value>
      </symbol>
      <symbol id="sm-1f5">
         <name>T32_INT2_IRQHandler</name>
         <value>0x89b</value>
      </symbol>
      <symbol id="sm-1f6">
         <name>T32_INTC_IRQHandler</name>
         <value>0x89b</value>
      </symbol>
      <symbol id="sm-1f7">
         <name>AES256_IRQHandler</name>
         <value>0x89b</value>
      </symbol>
      <symbol id="sm-1f8">
         <name>RTC_C_IRQHandler</name>
         <value>0x89b</value>
      </symbol>
      <symbol id="sm-1f9">
         <name>DMA_ERR_IRQHandler</name>
         <value>0x89b</value>
      </symbol>
      <symbol id="sm-1fa">
         <name>DMA_INT3_IRQHandler</name>
         <value>0x89b</value>
      </symbol>
      <symbol id="sm-1fb">
         <name>DMA_INT2_IRQHandler</name>
         <value>0x89b</value>
      </symbol>
      <symbol id="sm-1fc">
         <name>DMA_INT1_IRQHandler</name>
         <value>0x89b</value>
      </symbol>
      <symbol id="sm-1fd">
         <name>DMA_INT0_IRQHandler</name>
         <value>0x89b</value>
      </symbol>
      <symbol id="sm-1fe">
         <name>PORT1_IRQHandler</name>
         <value>0x5ed</value>
      </symbol>
      <symbol id="sm-1ff">
         <name>PORT2_IRQHandler</name>
         <value>0x89b</value>
      </symbol>
      <symbol id="sm-200">
         <name>PORT3_IRQHandler</name>
         <value>0x89b</value>
      </symbol>
      <symbol id="sm-201">
         <name>PORT4_IRQHandler</name>
         <value>0x89b</value>
      </symbol>
      <symbol id="sm-202">
         <name>PORT5_IRQHandler</name>
         <value>0x89b</value>
      </symbol>
      <symbol id="sm-203">
         <name>PORT6_IRQHandler</name>
         <value>0x89b</value>
      </symbol>
   </symbol_table>
   <title>Link successful</title>
</link_info>
